SET SQL_MODE = "NO_AUTO_VALUE_ON_ZERO";
START TRANSACTION;
SET time_zone = "+00:00";

CREATE TABLE `color` (
  `cName` varchar(20) NOT NULL,
  `cDayinWeek` varchar(10) NOT NULL,
  `cYear` int(4) NOT NULL,
  `cTypeID` int(1) NOT NULL
) ENGINE=InnoDB DEFAULT CHARSET=utf8mb4;

--
-- Dumping data for table `color`
--

INSERT INTO `color` (`cName`, `cDayinWeek`, `cYear`, `cTypeID`) VALUES
('black', 'Friday', 2020, 4),
('black', 'Saturday', 2020, 1),
('black', 'Sunday', 2020, 3),
('black', 'Tuesday', 2020, 1),
('black', 'Wednesday', 2020, 2),
('blue', 'Friday', 2020, 4),
('blue', 'Monday', 2020, 3),
('blue', 'Saturday', 2020, 1),
('blue', 'Saturday', 2020, 2),
('blue', 'Sunday', 2020, 3),
('blue', 'Sunday', 2020, 4),
('blue', 'Thursday', 2020, 1),
('brown', 'Saturday', 2020, 1),
('brown', 'Sunday', 2020, 3),
('gray', 'Friday', 2020, 4),
('gray', 'Wednesday', 2020, 2),
('green', 'Monday', 2020, 1),
('green', 'Saturday', 2020, 4),
('green', 'Sunday', 2020, 2),
('green', 'Thursday', 2020, 3),
('light blue', 'Monday', 2020, 3),
('light blue', 'Saturday', 2020, 2),
('light blue', 'Sunday', 2020, 4),
('light blue', 'Thursday', 2020, 1),
('orange', 'Tuesday', 2020, 2),
('orange', 'Wednesday', 2020, 1),
('pink', 'Friday', 2020, 2),
('pink', 'Saturday', 2020, 3),
('pink', 'Sunday', 2020, 1),
('pink', 'Wednesday', 2020, 4),
('purple', 'Monday', 2020, 2),
('purple', 'Thursday', 2020, 4),
('purple', 'Tuesday', 2020, 1),
('red', 'Friday', 2020, 3),
('red', 'Monday', 2020, 4),
('red', 'Thursday', 2020, 2),
('red', 'Tuesday', 2020, 3),
('White', 'Friday', 2020, 1),
('White', 'Tuesday', 2020, 4),
('yellow', 'Friday', 2020, 1),
('yellow', 'Tuesday', 2020, 4),
('yellow', 'Wednesday', 2020, 3);

-- --------------------------------------------------------

--
-- Table structure for table `colorpredict`
--

CREATE TABLE `colorpredict` (
  `cpName` varchar(20) NOT NULL,
  `cpDayinWeek` varchar(10) NOT NULL,
  `cpYear` int(4) NOT NULL,
  `cpLoginID` varchar(11) NOT NULL,
  `date` date DEFAULT NULL
) ENGINE=InnoDB DEFAULT CHARSET=utf8mb4;

-- --------------------------------------------------------

--
-- Table structure for table `day`
--

CREATE TABLE `day` (
  `dDayInWeek` varchar(10) NOT NULL,
  `careerDesC` varchar(100) NOT NULL,
  `moneyDesC` varchar(100) NOT NULL,
  `health` varchar(100) NOT NULL,
  `love` varchar(100) DEFAULT NULL
) ENGINE=InnoDB DEFAULT CHARSET=utf8mb4;

--
-- Dumping data for table `day`
--

INSERT INTO `day` (`dDayInWeek`, `careerDesC`, `moneyDesC`, `health`, `love`) VALUES
('Friday', 'อุปสรรคทั้งหลายที่เคยทำให้คุณปวดหัวปวดใจจะเริ่มคลี่คลายไปในทางที่ดีขึ้น \r\n', 'ถึงแม้ว่าช่วงนี้จะมีรายได้มากแต่ไม่ควรประมาท \r\n', 'ระยะนี้คุณควรระวังสุขภาพให้มากๆ มีโอกาสที่จะล้มหมอนนอนเสื่อ หรือเจ็บไข้ไม่สบายจนต้องพักฟื้นยาว \r\n', 'คนมีคู่คุณและคนรักดูเหมือนเพื่อนที่รู้ใจกันมากกว่าคนรัก คนโสดมีเกณฑ์มีคนมารักมาชอบในช่วงนี้\r\n'),
('Monday', 'มีเกณฑ์เจริญก้าวหน้าในหน้าที่การงานหลังจากที่คุณทุ่มเททำงานมาอย่างยาวนาน\r\n', 'มีรายได้มากแต่ก็มีรายจ่ายมากเช่นกัน\r\n', 'ดูแลร่างกายและจิตใจให้ดี เพราะสุขภาพจิตน่าเป็นห่วง\r\n', 'คนมีคู่ความสัมพันธ์มั่นคงไม่เสื่อมคลาย คนโสดมีเกณฑ์พบคนดีแต่คนคนนี้อาจหลุดมือหากมัวแต่ลีลา\r\n'),
('Saturday', 'มีอุปสรรคมาขัดขวางบ้าง แต่ทุกอย่างจะผ่านไปได้ด้วยดีเพราะความสามารถของตัวคุณเอง \r\n', 'ควรสำรองเงินเอาไว้ส่วนหนึ่งเผื่อฉุกเฉิน \r\n', 'สุขภาพโดยรวมในช่วงนี้จะยังไม่ได้มีปัญหาอะไรมากมายนัก\r\n', 'คนมีคู่ความสัมพันธ์มั่นคงมากยากที่จะทำลาย คนโสดยังโสดเพราะมัวแต่ห่วงใยคนรอบข้าง\r\n'),
('Sunday', 'จะเกิดการเปลี่ยนแปลง ขึ้นในองค์กร ซึ่งทำให้คุณมีความเครียดเกิดขึ้นโดยไม่รู้ตัว\r\n', 'ถึงแม้จะมีเหตุให้ใช้จ่ายมากแต่ก็ไม่ถึงขั้นที่ทำให้คุณขัดสน \r\n', 'โดยรวมแล้วสุขภาพของคุณยังอยู่ในเกณฑ์ดี ไม่มีปัญหาอะไรให้น่าหนักใจ\r\n', 'คนมีคู่มีเกณฑ์มีปัญหาเข้ามาทดสอบใจเป็นระยะๆ คนโสดจะได้พบคนจริงใจ\r\n'),
('Thursday', 'แม้ว่าจะมีปัญหาเข้ามาให้คุณเครียดบ้างแต่อย่าพึ่งถอดใจเพราะปัญหาทุกอย่างกำลังจะคลี่คลายไปในทางที่ดี \r', 'มีโอกาสได้ลาภจากการทำงานเป็นหลัก\r\n', 'ควรระวังโรคเกี่ยวกับระบบเลือดในร่างกาย การดื่มน้ำเปล่าน้อยจนเกินไป\r\n', 'คนมีคู่ต้องค่อยๆปรับตัวเข้าหากัน คนโสดมีโอกาสพบรักแบบช้าแต่ชัวร์\r\n'),
('Tuesday', 'การเปลี่ยนแปลงครั้งใหญ่กำลังจะเกิดขึ้น ขอให้คุณเตรียมตัวรับมือให้ดี \r\n', 'อย่าพึ่งรีบใจร้อนลงทุนในช่วงนี้เพราะจะมีเกณฑ์ ได้ไม่คุ้มเสีย\r\n', 'ต้องระวังอุบัติเหตุให้มากๆ อาจจะไม่ใช่อุบัติเหตุร้ายแรงแต่ก็ทำให้เจ็บตัวได้พอสมควร\r\n', 'คนมีคู่ต่างคนต่างทำงานหนักเพื่อครอบครัว คนโสดมีเกณฑ์พบรักแบบไม่ได้ตั้งใจ\r\n'),
('Wednesday', 'ช่วงนี้จะมีงานเข้ามาให้คุณรับผิดชอบเพิ่มมากขึ้นจนทำงานแทบไม่ทัน \r\n', 'คล่องตัวดีแถมยังเริ่มมีเงินเก็บมากขึ้น \r\n', 'ควรไปตรวจเช็คสุขภาพบ้างเพราะอาจเจ็บป่วยไม่สบายได้แบบไม่รู้เนื้อรู้ตัว\r\n', 'คนมีคู่ไม่ว่าจะต้องพบเจอกับสถานการณ์ที่หนักหน่วงแต่คนรักยังคงอยู่เคียงข้างคุณเสมอมา คนโสดต้องโสดต่อ\r');

-- --------------------------------------------------------

--
-- Table structure for table `daypredict`
--

CREATE TABLE `daypredict` (
  `dpLoginID` varchar(11) NOT NULL,
  `dpDayInWeek` varchar(10) NOT NULL,
  `date` date NOT NULL
) ENGINE=InnoDB DEFAULT CHARSET=utf8mb4;

-- --------------------------------------------------------

--
-- Table structure for table `month`
--

CREATE TABLE `month` (
  `mZodiac` varchar(15) NOT NULL,
  `mMonth` varchar(10) NOT NULL,
  `careerDesC` varchar(500) NOT NULL,
  `moneyDesC` varchar(500) NOT NULL,
  `health` varchar(500) DEFAULT NULL,
  `love` varchar(500) DEFAULT NULL
) ENGINE=InnoDB DEFAULT CHARSET=utf8mb4;

--
-- Dumping data for table `month`
--

INSERT INTO `month` (`mZodiac`, `mMonth`, `careerDesC`, `moneyDesC`, `health`, `love`) VALUES
('Aquarius', 'February', 'การงาน เดินหน้าต่อไปอย่าลังเลกับสิ่งที่ทำอยู่แม้ว่าจะมีบางฝ่ายไม่เห็นด้วยผลที่จะตามมาดีแน่นอน ', 'การเงิน มีเข้ามาดีทั้งจากช่องทางหลักและส่วนอื่น อีกทั้งยังอาจได้คืนจากลูกหนี้บางคนอีกด้วยหากติดต่อได้ การลงทุนในตลาดทุนยึดมั่นในหลักการให้มากบวกกับการเปิดรับความคิดเห็นที่แตกต่าง โอกาสใหม่ๆ มีเข้ามาให้ได้สบายใจ ', 'สุขภาพ ควบคุมเรื่องการบริโภคให้มากขึ้นจะช่วยลดความเสี่ยงการเจ็บป่วยได้มาก', 'ความรัก เลิกพาดพิงถึงบางคนที่คนรักเคารพนับถือในด้านลบไม่เกิดผลดีใดๆ บรรยากาศดีๆจะได้กลับมา '),
('Aquarius', 'January', 'การงาน วาสนาเรื่องการงานของชาวราศีกุมภ์ในช่วงนี้ นับว่ามีความก้าวหน้าดีมาก มีความมั่นคงด้านการงาน แต่มักจะเจออุปสรรคระหว่างทางพอสมควร ขอให้ท่านอดทนและฟันฝ่ารับรองมีความก้าวหน้าได้ครับ ต้องระวังร้อนใจกับคนรอบข้าง', 'การเงิน วาสนาเรื่องการเงินของชาวราศีกุมภ์ในช่วงนี้ ถือว่ายังอยู่ในเกณฑ์ที่ดียังมีเงินเข้ามาไม่ขาด อาจจะมีรายจ่ายมาจากเรื่องการงานหรือภาระหน้าที่ที่ต้องรับผิดชอบเป็นเรื่องปกติครับ โดยมากการเงินมักจะมีความก้าวหน้า มีคนอุปถัมภ์ค่อนข้างดีครับ', 'สุขภาพ วาสนาเรื่องสุขภาพของชาวราศีกุมภ์ในช่วงนี้ ถือว่ายังอยู่ในเกณฑ์ที่ดี อาจจะมีเจ็บป่วยบ้างแต่คงไม่ร้ายแรงเท่าที่ควรมากนัก โดยมากมักจะเหน็ดเหนื่อยมีภาระให้คอยวิ่งเต้นในระยะนี้เสียมากกว่า ขอให้ท่านพักผ่อนบ้างก็จะดีมากครับ', 'ความรัก วาสนาเรื่องความรักของชาวราศีกุมภ์ในช่วงนี้ ท่านที่มีคู่ครองอยู่แล้ว โดยมากจะห่างจากคู่ครองไปชั่วคราว หรือคู่ครองสุขภาพมักไม่ค่อยดีในระยะนี้ บางท่านมักจะเบื่อ ๆ คนรัก สำหรับท่านที่ยังไม่มีคู่ครอง หากท่านได้คู่ครองท่านต้องระวังเจอคนที่มีเจ้าของอยู่แล้ว หรือเจอคนต่างถิ่นครับ'),
('Aquarius', 'March', 'การงาน ชาวกุมภ์ต้องระวังการงานเดือนนี้ผิดพลาด มีเรื่องให้ทำอย่างกะทันหันแบบหลีกเลี่ยงไม่ได้ ซึ่งในเดือนนี้ต้องใช้สติให้มากกว่าอารมณ์ ที่สำคัญต้องระวังการมีปัญหากับคนในที่ทำงานเอาไว้ด้วย นิ่งไว้จะดีที่สุด', 'การเงิน ชาวกุมภ์ในเดือนนี้จะมีสติในการใช้เงินมาก เพราะอาจจะมีเป้าหมายที่ชัดเจนว่าอยากนำเงินไปทำอะไร แต่ต้องระวังผิดแผนในช่วงปลายเดือนสักหน่อย เพราะช่วงนั้นจะมีค่าใช้จ่ายที่ไม่ได้คาดไว้เข้ามา', 'สุขภาพ ต้องระวังเรื่องมดลูก ประจำเดือนมาไม่ปกติ', 'ความรัก ความรักคนโสด คนที่เข้ามาอาจจะยังให้สถานะได้แค่เพื่อน ส่วนคนมีคู่ ในช่วงเดือนนี้อาจไม่ได้หวานกันมากนัก ต้องพยายามพากันไปเที่ยวเพื่อกระชับความสัมพันธ์'),
('Aquarius', 'May', 'การงาน วาสนาเรื่องการงานของชาวราศีกุมภ์ในช่วงนี้ ในเดือนนี้มักจะมีเข้ามามากพอสมควร แต่ก็เข้ามาพร้อมกับปัญหาให้ตามแก้ บางท่านเป็นช่วงเปลี่ยนแปลงเรื่องการงานก็มีครับ ส่วนท่านที่ค้าขาย สภาพคล่องทางการค้ายังไปได้ แต่สินค้ามักจะเสียหายบ่อยครับ', 'การเงิน วาสนาเรื่องการเงินของชาวราศีกุมภ์ในช่วงนี้ ถือว่ายังดีมีเงินไม่ขาดมือ บางทีอาจจะมีโชคทางการเงินแบบฟลุก ๆ แต่ท่านก็อย่าประมาทในการดำเนินชีวิต เพราะว่ารายจ่ายท่านยังคงมีเข้ามาตลอด โดยมากมักจะเก็บเงินไม่อยู่ครับ', 'สุขภาพ วาสนาเรื่องสุขภาพของชาวราศีกุมภ์ในช่วงนี้ มักไม่ค่อยดีเจ็บป่วยบ่อย รวมถึงท่านจะต้องระวังเกี่ยวกับอุบัติเหตุหรือการผ่าตัดเอาไว้บ้าง ในด้านสุขภาพจิตมักจะอารมณ์ร้อนง่าย บางทีเจ้าคิดเจ้าแค้นมากเกินไป ขอให้ท่านปล่อยวางก็จะดีมากครับ ', 'ความรัก วาสนาเรื่องความรักของชาวราศีกุมภ์ในช่วงนี้ ท่านที่มีคู่ครองอยู่แล้ว โดยมากต้องระวังอารมณ์เสียใส่กัน ต่างคนต่างไม่ยอม คู่ครองมักเข้ามาเกี่ยวข้องกับครอบครัวท่านบ่อยมากขึ้น สำหรับท่านที่ยังไม่มีคู่ครอง หากท่านรักใครสักคน ท่านจะเหมาะกับคนเป็นหม้ายหรือผู้ใหญ่กว่าครับ'),
('Aries  ', 'February', 'การงาน อาจมีการเปลี่ยนแปลงในความรับผิดชอบโดยไม่คาดคิด ขอให้ทำตามบทบาทที่ได้รับ อย่าได้ตอบโต้ใดๆ จะให้ผลที่ดีกว่า ', 'การเงิน มีเข้ามาเร็วกว่าที่กำหนดแน่นอนสำหรับส่วนที่เป็นของท่าน การลงทุนในตลาดทุน ข้อมูลที่สับสนและหาความชัดเจนแน่นอนมีมากในเวลานี้ต้องตระหนักให้มาก นิ่งไว้ก่อนก็น่าจะดี โชคลาภ มีโอกาสได้จากการผ่านมาจากบุคคลอื่นที่ท่านรู้จักดี ', 'สุขภาพ ใกล้หมอให้มากขึ้นจะช่วยป้องกันไม่ให้เป็นอะไรที่รุนแรงได้', 'ความรัก อดทนและรอคอยในสิ่งที่ต้องการ อย่าใจร้อนและรวบรัด อาจจะต้องเริ่มต้นนับหนึ่งใหม่ '),
('Aries  ', 'January', 'การงาน วาสนาเรื่องการงานของชาวราศีเมษในช่วงนี้ ถือว่ายังประสบความสำเร็จและมีความก้าวหน้า มักได้ความร่วมมือจากคนรอบข้างหรือหุ้นส่วนได้เป็นอย่างดี แต่มักมีศัตรูคู่แข่งค่อนข้างพอสมควร ส่วนท่านที่ค้าขายการค้าถือว่ายังมีสภาพคล่องอยู่ครับ', 'การเงิน วาสนาเรื่องการเงินของชาวราศีเมษในช่วงนี้ ถือว่ายังอยู่ในเกณฑ์ที่ดี ยังหาเงินคล่อง แต่อาจจะมีบ้างที่ต้องเหนื่อยในการหาเงิน และโชคทางการเงินของท่านในเดือนนี้อาจจะมาจากต่างเพศหรือหุ้นส่วน แต่ถึงอย่างไรก็ต้องพึ่งตนเองไว้ก่อนครับ', 'สุขภาพ วาสนาเรื่องสุขภาพของชาวราศีเมษในช่วงนี้ ท่านมีโอกาสเจ็บป่วยได้เช่นกัน แต่ตรงนี้สามารถรักษาหายได้ แต่ก็ไม่ควรประมาทกับชีวิต เพราะว่าดวงอุบัติเหตุหรือการผ่าตัดอาจจะยังคงมีในดวงชะตาอยู่ ตรงนี้ขึ้นอยู่กับสติท่านด้วยครับ', 'ความรัก วาสนาเรื่องความรักของชาวราศีเมษในช่วงนี้ ท่านที่มีคู่ครองอยู่แล้ว โดยมากท่านมักจะได้ใกล้ชิดกันในระยะนี้ ความรักถือว่ามีความสดใสดี บางท่านมีโชคทางการเงินจากคู่ครอง สำหรับท่านที่ยังไม่มีคู่ครอง ในระยะนี้อาจจะมีเพศตรงข้ามเข้ามาพอสมควร ส่วนเลือกหรือไม่อยู่ที่ท่านล่ะครับ '),
('Aries  ', 'March', 'การงาน ในเดือนนี้คุณจะต้องทำงานเป็นชิ้นเป็นอันให้มากขึ้น เพราะเจ้านายกำลังประเมินผลงานของคุณอยู่ด้วย ระวังเจอคนที่ทำงานเก่ง แต่ไม่ฟังใคร ทำให้คุณอาจจะร่วมงานกับเขาลำบากอยู่สักหน่อย', 'การเงิน หากมีใครยืมเงินไปในช่วงเดือนนี้อาจจะยังไม่ได้คืน ให้ระวังทะเลาะกับคนรอบข้างเรื่องเงินด้วย และที่สำคัญคุณจะใช้เงินไปกับสิ่งที่คุณเล็งไว้สักพัก', 'สุขภาพ ยังไม่มีอะไรน่ากังวลมาก แต่ต้องลดความตึงเครียดลงบ้าง', 'ความรัก ความรักคนโสด คนคุยเก่าๆ อาจกลับมาแว๊บคุยหรือมาทักทายคุณบ้าง แต่มาแป้ปๆ เขาก็จะหายไป ความรักคนมีคู่ในเดือนนี้ต้องระวังการพูดจาที่ทำร้ายกัน หากมีเรื่องไม่ดีให้พยายามรีบเคลียร์ เพราะเรื่องจะจบแบบแฮปปี้'),
('Aries  ', 'May', 'การงาน วาสนาเรื่องการงานของชาวราศีเมษในช่วงนี้ ถือว่าเป็นช่วงที่ต้องฟันฝ่า การงานมักจะมีอุปสรรคในระยะนี้ บางท่านมักจะมีคู่แข่งหรือมีศัตรูในเรื่องการงานเกิดขึ้น แต่โดยรวมแล้วท่านก็มีโอกาสก้าวหน้าและประสบความสำเร็จได้', 'การเงิน วาสนาเรื่องการเงินของชาวราศีเมษในช่วงนี้ ถือว่ายังไม่ดีเท่าที่ควร รายได้บางทีมักจะชะลอตัว รวมถึงรายจ่ายท่านก็มักจะมีมากเป็นเรื่องปกติ ขอให้ท่านวางแผนทำบัญชีรายรับ-รายจ่ายไว้ให้ดี จะได้มีไว้จ่ายในยามจำเป็นครับ', 'สุขภาพ วาสนาเรื่องสุขภาพของชาวราศีเมษในช่วงนี้ มีโอกาสที่จะเจ็บป่วยได้ ในด้านสุขภาพจิตท่านมักจะฟุ้งซ่าน หวาดระแวง และหงุดหงิดง่าย บางทีนอนไม่ค่อนจะหลับ เพราะมีเรื่องคิดในหัวอยู่ตลอดเวลา ขอให้ท่านปล่อยวางไว้บ้างครับ', 'ความรัก วาสนาเรื่องความรักของชาวราศีเมษในช่วงนี้ ท่านที่มีคู่ครองอยู่แล้ว คู่ครองถือว่ายังรักใคร่กันดี รวมถึงท่านมีโอกาสได้ใกล้ชิดกันมากขึ้น สำหรับท่านที่ยังไม่มีคู่ครอง หากท่านชอบใครสักคน คนที่ท่านชอบจะต้องโฉลกอาจจะเป็นคนต่างถิ่นครับ '),
('Cancer', 'February', 'การงาน เรื่องที่ทำต้องมีความชัดเจนเพราะหากไม่ชัดเจนอาจสร้างความเสียหายตามมาอย่างมากได้เมื่อทำไปได้ส่วนหนึ่ง ', 'การเงิน มีเข้ามาอย่างต่อเนื่อง แต่หากให้ความสนใจกับแหล่งเงินเก่าๆ ที่ละเลยมานานบ้างก็จะช่วยให้มีเม็ดเงินเข้ามาเพิ่มขึ้นอย่างคาดไม่ถึง การลงทุนในตลาดทุน กลุ่มธุรกิจที่ท่านมีความถนัดสามารถทำผลกำไรให้ได้อย่างดีในเวลานี้หากไม่ลังเลในการตัดสินใจ ', 'สุขภาพ ยาบางตัวที่รับประทานเข้าไปแล้วรู้สึกไม่ดีควรหยุดในทันที', 'ความรัก ใช้สติให้มากขึ้นจะได้ผ่านช่วงเวลานี้ไปได้อย่างสบายใจ '),
('Cancer', 'January', 'การงาน วาสนาเรื่องการงานของชาวราศีกรกฎในช่วงนี้ ถือว่ามักจะมีภาระทางด้านการงานเข้ามามาก งานค่อนข้างจะเครียด งานจะเหมาะกับการติดต่อการสื่อสาร งานมักจะมีคนเข้ามาร่วมงานด้วย แต่อย่างน้อยการงานก็ยังมีความสำเร็จได้ครับ', 'การเงิน วาสนาเรื่องการเงินของชาวราศีกรกฎในช่วงนี้ ถือว่ารายจ่ายค่อนข้างมาก มักจะติดขัดด้านการเงิน มักหมุนเงิน ขอให้ท่านวางแผนในเรื่องการใช้จ่ายไว้ให้ดี บางท่านมักจะมีดวงซ่อมบ้าน ซ่อมรถ หากจะขับรถไปไหนต้องมีสติครับ', 'สุขภาพ วาสนาเรื่องสุขภาพของชาวราศีกรกฎในช่วงนี้ ท่านมีโอกาสที่จะเจ็บป่วยได้ด้วย เช่น หน้ามืด ตามัว เป็นไข้ตัวร้อน หรืออาจจะหมายถึงการเจ็บป่วยทั่วไปได้ด้วย และที่สำคัญแม้กระทั่งคนในครอบครัวก็ควรจะดูแลสุขภาพไว้ให้ดีด้วยครับ', 'ความรัก วาสนาเรื่องความรักของชาวราศีกรกฎในช่วงนี้ ท่านที่มีคู่ครองอยู่แล้ว โดยมากคู่ครองมักจะทำให้ท่านหัวเสีย แต่คู่ครองก็ยังเป็นที่พึ่งในเบื้องหลัง บางท่านต้องระวังสุขภาพคู่ครองไว้บ้าง สำหรับท่านที่ยังไม่มีคู่ครอง หากท่านได้คู่ครองในระยะนี้ท่านอาจจะได้คู่มาจากเรื่องการงานได้ด้วยครับ          '),
('Cancer', 'March', 'การงาน หากคุณทำงานเกี่ยวกับการติดต่อหรือคุยกับคน ต้องระวังเรื่องของการพูดไม่รู้เรื่องหรือจะมีปัญหาเกิดจากการพูด การสื่อสารของคุณ หากจะทำอะไรต้องมีหลักฐานเพื่อป้องกันการซวย และต้องระวังตกหล่น ลืมทำด้วย', 'การเงิน คุณจะได้เงินเข้ามาอยากรวดเร็วหรือได้มาอยากฟลุคๆ แต่ก็จะใช้เงินเหมือนเทน้ำเทท่าเช่นกัน อะไรที่คิดว่าไม่เสียแน่ๆ ก็ดันเสีย ทำให้คุณรู้สึกหงุดหงิดที่การเงินไม่เป็นไปตามแผนอย่างที่คิด', 'สุขภาพ ระวังเรื่องท้องเสีย หรืออาการปวดท้อง', 'ความรัก คนโสด หากคุณชอบใครอยู่อย่าเพิ่งไปแสดงหรือสารภาพรักให้เขารู้เลย เพราะช่วงนี้ยังไม่ใช่ช่วงที่ดีนัก อาจถูกปฏิเสธกลับมาได้ คนมีคู่ในเดือนนี้ให้ระวังทะเลาะ ไม่เข้าใจกันเรื่องจุกจิกได้ พยายามตัดจบหรือไม่ต่อความยาวสาวความยืด'),
('Cancer', 'May', 'การงาน วาสนาเรื่องการงานของชาวราศีกรกฎในช่วงนี้ เป็นช่วงที่มักจะมีอุปสรรคเข้ามาพอสมควร ท่านมักจะเจอภาระการงานที่ค่อนข้างหนัก แต่ความก้าวหน้ายังพอมี หลายท่านอาจจะริเริ่มอะไรใหม่ ๆ ในระยะนี้ ขอให้ท่านอดทนเข้าไว้ครับ', 'การเงิน วาสนาเรื่องการเงินของชาวราศีกรกฎในช่วงนี้ ถือว่ายังดีมีเงินไม่ขาด สามารถหาเงินได้คล่อง เพื่อนฝูงคนรอบข้างมักจะให้โชคให้คุณเรื่องการเงิน แต่รายจ่ายท่านก็มีมากเช่นกัน ระวังเสียเงินไปกับบุตรหลานบริวาร หรือเรื่องไม่เป็นเรื่องครับ', 'สุขภาพ วาสนาเรื่องสุขภาพของชาวราศีกรกฎในช่วงนี้ เป็นช่วงที่ท่านมักไม่ค่อยดีเจ็บป่วยได้ บางทีป่วยอย่างกะทันหัน หรือเป็นโรคที่หาสาเหตุได้ยาก ในด้านสุขภาพจิตมักจะฟุ้งซ่าน หวาดระแวง คิดมาก นอนไม่หลับ และมักใช้ร่างกายเปลืองมากเกินไป', 'ความรัก วาสนาเรื่องความรักของชาวราศีกรกฎในช่วงนี้ ท่านที่มีคู่ครองอยู่แล้ว โดยมากท่านต้องระวังการขัดแย้งกับคู่ครองได้ มักทะเลาะกันเป็นประจำ สำหรับท่านที่ยังไม่มีคู่ครอง หากท่านรักใครสักคนโดยมากท่านมักจะมีโชคทางความรักในเดือนนี้ครับ'),
('Capricorn', 'February', 'การงาน ต้องเดินทางให้มากขึ้นจะยิ่งเสริมให้ความสำเร็จในเรื่องที่ต้องการบรรลุเป้าหมายได้เร็วขึ้น ', 'การเงิน ยังไม่ดีอย่างที่ต้องการ แต่อาจได้เงินบางส่วนมาจากทรัพย์มรดก การลงทุนในตลาดทุนปัจจัยหลายอย่างที่เกิดขึ้นในเวลานี้มีผลต่ออัตราความเสี่ยงที่สูงอย่ามั่นใจในความรู้ความชำนาญมากเกินไปจะพลาดได้ง่ายๆ ', 'สุขภาพ อาหารบางอย่างอาจทำให้เกิดอาการแพ้ได้', 'ความรัก อย่าให้บุคคลที่สามเข้ามามีอิทธิพลกับชีวิตมากเกินไปจะเป็นปัญหากับคนรักได้ '),
('Capricorn', 'January', 'การงาน วาสนาเรื่องการงานของชาวราศีมังกรในช่วงนี้ ถือว่างานยังสร้างรายได้ให้ท่านเป็นอย่างดี สิ่งที่ตั้งใจหวังไว้มีโอกาสที่จะประสบความสำเร็จ แต่อาจจะเจออุปสรรคแบบไม่ทันตั้งตัวบ้าง ขอให้ท่านอย่าไปกังวล โดยเฉพาะปัญหาเรื่องคนรอบข้าง', 'การเงิน วาสนาเรื่องการเงินของชาวราศีมังกรในช่วงนี้ ถือว่ายังอยู่ในเกณฑ์ที่ดีสามารถหาเงินได้ ยังมีเงินไม่ขาดมือ การเงินที่ท่านหามาได้นั้น ส่วนมากล้วนมาจากน้ำพักน้ำแรงตัวเองทั้งสิ้น ขอให้ท่านอดทนและมีความพยายามเป็นสิ่งที่สำคัญที่สุดครับ', 'สุขภาพ วาสนาเรื่องสุขภาพของชาวราศีมังกรในช่วงนี้ ท่านอาจจะเจ็บป่วยได้ อะไรที่เสี่ยงต่อการเกิดอุบัติเหตุทางรถต้องระวัง แนะนำว่าท่านควรมีสติในการใช้รถไว้ให้มาก บางท่านต้องระวังเจอของร้อน เช่น น้ำร้อนลวก หรือเป็นไข้ตัวร้อนได้ครับ', 'ความรัก วาสนาเรื่องความรักของชาวราศีมังกรในช่วงนี้ ท่านที่มีคู่ครองอยู่แล้ว ความรักถือว่ายังไปได้ด้วยดี แต่คู่ครองอาจจะมีบ้างที่เข้ามาเกี่ยวข้องเรื่องการเงิน เช่น มาพึ่งพาเรื่องการเงินได้ด้วย หรือบางท่านก็อุปถัมภ์เรื่องการเงินได้ด้วย ท่านที่ยังไม่มีคู่ครอง ท่านต้องระวังเจอคนมีเจ้าของครับ '),
('Capricorn', 'March', 'การงาน เดือนนี้เป็นเดือนที่คุณต้องตั้งรับกับหลายสิ่งอย่าง ไม่ว่าจะจำนวนงานหรือปัญหาที่เข้ามา ต้องระวังคนใกล้ตัวลาออกไปหรือตัวคุณจะคิดเรื่องลาออกได้ ทำให้เดือนนี้ค่อนข้างเครียด มีความทุกข์ใจอยู่บ้าง', 'การเงิน คุณจะได้เงินเข้ามาไม่ต่างจากที่ผ่านมา แต่เงินที่ได้มาคุณอาจต้องนำไปใช้หนี้ซะส่วนใหญ่ หรือคุณจะนำเงินไปซื้ออะไรที่ทำให้มีความสุขใจ บอกเลยว่าเดือนนี้คุณอาจจะได้ของที่มีราคา และมาจากน้ำพักน้ำแรงของคุณเองด้วย', 'สุขภาพ ยังไม่มีอะไรน่าเป็นห่วง แต่ระวังเครียดเรื่องเงิน', 'ความรัก คนโสดที่ได้เล็งๆ หรือคุยกับใครอยู่นั้น เดือนนี้เขาจะเงียบและหายจากคุณไปได้ เดือนนี้ต้องระวังความเฮิร์ทสักหน่อย ส่วนคนมีคู่นั้นเดือนนี้ต้องระวังเรื่องการทำร้ายจิตใจกันด้วยคำพูดให้มาก'),
('Capricorn', 'May', 'การงาน วาสนาเรื่องการงานของชาวราศีมังกรในช่วงนี้ ท่านมักจะมีภาระเข้ามาพอสมควรให้ต้องตามแก้ การงานมักจะมีศัตรูหรือคู่แข่งเข้ามา บางท่านต้องอยู่ในสภาวะการแข่งขันหรือการประมูลงาน ขอให้ท่านอดทนเข้าไว้เดี๋ยวก็ดีได้', 'การเงิน วาสนาเรื่องการเงินของชาวราศีมังกรในช่วงนี้ ในเดือนนี้ยังไม่ค่อยดีเท่าที่ควร รายจ่ายค่อนข้างจะมีเข้ามามาก ภาระทางการเงินท่านยังมี ต้องระวังเพื่อนสนิทเข้ามาพึ่งพาทางด้านการเงิน บางท่านต้องหมดไปกับเรื่องในครอบครัวหรือเรื่องรถ', 'สุขภาพ วาสนาเรื่องสุขภาพของชาวราศีมังกรในช่วงนี้ มักไม่ค่อยดีเจ็บป่วยได้ บางทีต้องระวังใช้ร่างกายหนักมากเกินไป ในด้านสุขภาพจิตมักจะมีความเครียดสะสม หากมีโอกาสควรออกไปท่องเที่ยวพักผ่อนบ้าง และออกกำลังกายอย่างสม่ำเสมอครับ', 'ความรัก วาสนาเรื่องความรักของชาวราศีมังกรในช่วงนี้ ท่านที่มีคู่ครองอยู่แล้ว โดยมากยังขัดแย้งกับคู่ครองเป็นธรรมดา คู่ครองมักจะอารมณ์ร้อนง่ายในระยะนี้ สำหรับท่านที่ยังไม่มีคู่ครอง หากท่านรักใครสักคนโดยมากความรักมักจะมีอุปสรรคและมีคู่แข่งเกิดขึ้นครับ'),
('Gemini ', 'February', 'การงาน มีเรื่องให้ต้องตัดสินใจอย่าทำตามลำพังเพราะจะทำให้พลาดประเด็นสำคัญไปได้โดยไม่ตั้งใจ ', 'การเงิน ต้องเหนื่อยกับการติดตามทวงถามในส่วนที่ท่านควรได้หากเกิดความล่าช้าขึ้นมา การลงทุนในตลาดทุน รับฟังข้อคิดความเห็นจากผู้มีประสบการณ์ให้มากขึ้น แต่ก็ยังไม่ควรทำอะไรในช่วงนี้มากกว่าที่เคยทำ ', 'สุขภาพ ระวังเรื่องอุบัติเหตุที่เกิดขึ้นจากความประมาททั้งของตนเองและผู้อื่น', 'ความรัก กำลังไปได้ดีในทิศทางที่หวัง ขอเพียงอย่าให้ความรู้สึกไม่ดีในบางเรื่องเข้ามาทำให้เกิดการสะดุด '),
('Gemini ', 'January', 'การงาน วาสนาเรื่องการงานของชาวราศีมิถุนในช่วงนี้ ถือว่ายังดีมีความก้าวหน้า และท่านก็ยังให้ความสำคัญเรื่องการงานเป็นส่วนใหญ่ รวมถึงยังมีผู้ใหญ่คอยอุปถัมภ์ในเรื่องการงานค่อนข้างดี สำหรับท่านที่ค้าขาย การค้าในเดือนนี้ถือว่ายังมีสภาพคล่องที่ดี เหมาะแก่การเอาเงินจากต่างประเทศครับ', 'การเงิน วาสนาเรื่องการเงินของชาวราศีมิถุนในช่วงนี้ ยังดียังมีเงินไม่ขาด เพราะเรื่องการงานยังสร้างรายได้ให้ท่านได้อยู่ ยังมีช่องทางในการหาเงินได้เสมอ แต่โดยมากรายจ่ายท่านค่อนข้างมากเป็นธรรมดาอยู่แล้ว ขอให้ท่านวางแผนการเงินให้ดีครับ', 'สุขภาพ วาสนาเรื่องสุขภาพของชาวราศีมิถุนในช่วงนี้ มักไม่ค่อยดี เจ็บป่วยบ่อย บางท่านควรระวังอุบัติเหตุเอาไว้บ้าง ในด้านสุขภาพจิตมักจะฟุ้งซ่านหวาดระแวงและคิดมากเป็นประจำ หากมีโอกาสควรสวดมนต์เป็นประจำก่อนนอนครับ', 'ความรัก วาสนาเรื่องความรักของชาวราศีมิถุนในช่วงนี้ ท่านที่มีคู่ครองอยู่แล้ว โดยมากคู่ครองมักให้ความสำคัญกับครอบครัวเป็นส่วนมาก ความสดใสทางความรักถือว่ายังอยู่ในเกณฑ์ที่ดี สำหรับท่านที่ยังไม่มีคู่ครอง โดยมากท่านมักจะเหมาะกับคนที่อายุแก่กว่าในระยะนี้ครับ'),
('Gemini ', 'March', 'การงาน งานของคุณอาจไปได้ไม่ดีเท่าที่คิดเอาไว้ งานอะไรที่มันควรจะเสร็จดันถูกยืดระยะเวลาออกไป ต้องระวังการสื่อสารคุยงานว่ามันจะไม่เป็นไปตามตกลง ต้องระวังเรื่องคำพูดของคนอื่น อย่าเชื่อใจมากนัก', 'การเงิน ระวังว่าจะเกิดการใช้เงินเกินตัวได้ อาจต้องหยิบยืมคนอื่นหรือต้องนำเงินเก็บมาใช้ แต่ถ้าหากใครต้องการกู้เงิน ทำบัตรเครดิต สามารถทำได้เลยเพราะเดือนนี้คุณจะสามารถเป็นหนี้ได้ง่ายๆ', 'สุขภาพ ระวังเรื่องของการนอนดึก พักผ่อนไม่เพียงพอ และเรื่องสายตา', 'ความรัก ความรักของคนโสด หากคุณมีคนคุยอยู่ในเดือนนี้เขาคนนั้นอาจหายไป แต่ถ้ายังไม่มีใครก็ยังคงต้องโสดไปก่อน ส่วนคนมีคุ๋ในเดือนนี้คุณและแฟนอาจอยากเดินทางท่องเที่ยว หรืออยากไปพักผ่อนร่วมกันไกลบ้าน'),
('Gemini ', 'May', 'การงาน วาสนาเรื่องการงานของชาวราศีมิถุนในช่วงนี้ ท่านอาจจะมีเกณฑ์ริเริ่มงานใหม่ อาจจะมีการขยายงาน หากใครที่กำลังรองานอยู่ ท่านก็มีโอกาสได้งานในระยะนี้ได้ แต่โดยมากชีวิตในเรื่องการงานมักจะเหนื่อยมิได้สบายอย่างที่คิด ขอให้ท่านอดทนไว้ก่อนนะครับ', 'การเงิน วาสนาเรื่องการเงินของชาวราศีมิถุนในช่วงนี้ ถือว่ามักไม่ค่อยดีเท่าที่ควร รายจ่ายภาระมักจะมีเยอะพอสมควร บางทีข้าวของมักเสียหายแตกหัก รวมถึงรอบบิลมักจะมารุมกันในเดือนนี้ ขอให้ท่านวางแผนทางด้านการเงินเอาไว้ให้ดีครับ', 'สุขภาพ วาสนาเรื่องสุขภาพของชาวราศีมิถุนในช่วงนี้ ยังต้องระวังไว้ก่อน บางทีป่วยเป็นโรคที่หาสาเหตุได้ยาก บางทีมักจะเหน็ดเหนื่อยเมื่อยล้า บางทีมักจะเป็นไข้ตัวร้อนได้ ขอให้ท่านหันมาดูแลตัวเองเอาไว้ก่อนเป็นดีที่สุดครับ', 'ความรัก วาสนาเรื่องความรักของชาวราศีมิถุนในช่วงนี้ ท่านที่มีคู่ครองอยู่แล้ว ความรักมักไม่ค่อยราบรื่น บางท่านมักจะดูห่าง ๆ กับคู่ครองในระยะนี้ คู่ครองมักสุขภาพไม่ดี สำหรับท่านที่ยังไม่มีคู่ครอง หากท่านได้คู่ครองโดยมากท่านจะเหมาะกับคนไกล หรือคนเป็นหม้ายครับ'),
('Leo ', 'February', 'การงาน เป็นเรื่องที่ควรมุ่งให้เวลามากกว่าเดิมรับรองได้ว่าผลที่จะตามมาคุ้มค่ากับเวลาที่เสียไป ', 'การเงิน อาจมีบางส่วนต้องถูกลดทอนลงหรือมีความล่าช้า และไม่ควรคาดหวังมากกับส่วนที่ยังไม่แน่นอนความผิดหวังมีมากกว่า การลงทุนในตลาดทุน รอดูสถานการณ์ไปก่อนเหมาะสมกว่าในเวลานี้ไม่เช่นนั้นจะเสียหายอย่างมากได้ ', 'สุขภาพ รับประทานของร้อนจะลวกหรือทำให้เกิดอันตรายได้หากระวังไม่เพียงพอ', 'ความรัก ใส่ใจในความต้องการของคนรักให้มากกว่าเดิมจะได้ไม่พลาดสิ่งที่ควรทำในขณะนี้ให้คนรัก '),
('Leo ', 'January', 'การงาน วาสนาเรื่องการงานของชาวราศีสิงห์ในช่วงนี้ ถือว่ามีปัญหาอุปสรรคให้คอยตามแก้ตลอดเวลา แต่ตรงนี้จะสามารถฟันฝ่าไปได้ มีคนคอยช่วยเหลือในเรื่องการงาน ในระยะนี้อาจจะได้ทำงานกับเพื่อนฝูงหรือบางท่านมีเกณฑ์ได้คนร่วมงานครับ', 'การเงิน วาสนาเรื่องการเงินของชาวราศีสิงห์ในช่วงนี้ รายจ่ายภาระถือว่ามีเข้ามาพอสมควร ท่านอาจจะเสียเงินไปกับเรื่องไม่เป็นเรื่อง หรือเสียเงินไปกับบุตรหลานบริวาร แต่ถึงอย่างไรท่านก็ยังหาเงินได้ ยังมีเงินเข้ามาครับ', 'สุขภาพ วาสนาเรื่องสุขภาพของชาวราศีสิงห์ในช่วงนี้ มักจะไม่ค่อยดี ต้องระวังโรคเกี่ยวกับความดัน สมอง หรือเกี่ยวกับหัวใจ แต่ตรงนี้คงไม่น่ากังวลมากนัก เพราะว่าสามารถรักษาหายได้ รวมถึงต้องระวังคนในครอบครัวเจ็บป่วยได้ด้วยครับ', 'ความรัก วาสนาเรื่องความรักของชาวราศีสิงห์ในช่วงนี้ โดยมากความรักมักจะวุ่นวาย มักจะขัดแย้ง แต่อย่างน้อยคู่ครองก็ยังอุปถัมภ์ช่วยเหลือดีอยู่ สำหรับท่านที่ยังไม่มีคู่ครอง ในเดือนนี้ท่านอาจจะมีโชคทางความรักมาจากคนที่เป็นเพื่อนหรือคนรู้จักกันมาก่อนครับ'),
('Leo ', 'March', 'การงาน คุณต้องตัดสินใจอะไรเองหลายๆ อย่างในเรื่องงานเอง และแน่นอนว่าในช่วงนี้งานคุณจะค่อนข้างเยอะ อีรุงตุงนังแต่จะไม่มีใครช่วงแบ่งเบาคุณได้ หรืออาจมีคนในทีมออกไปทำให้คุณต้องรับงานส่วนหนึ่งมาเพิ่ม', 'การเงิน การเงินของคุณในเดือนนี้อาจหมดไปกับเรื่องของครอบครัวและเรื่องของตัวเองโดยส่วนใหญ่ ในช่วงเดือนนี้อาจมีเรื่องให้คิด ให้เครียดเยอะ จนอาจนำเงินมาแก้ปัญหาความเครียดได้', 'สุขภาพ ความเหนื่อยจะถามหาอยู่บ่อยๆ พักผ่อนเท่าไหร่ก็ยังเหนื่อยอยู่', 'ความรัก คนโสด คุณอาจได้รู้จักคนที่เพิ่งจบความสัมพันธ์มาหมาดๆ อาจทำให้ความสัมพันธ์ของคุณและเขาไม่ได้คืบหน้ามากนัก คนมีคู่ต้องระวังเรื่องการบอกเลิกกัน ไม่ว่าจะด้วยมากจากอารมณ์หรืออะไรก็ตามแต่ เพราะอาจจะได้เลิกกันจริงๆ'),
('Leo ', 'May', 'การงาน วาสนาเรื่องการงานของชาวราศีสิงห์ในช่วงนี้ ถือว่ายังดี การงานอาจจะมีเข้ามามากพอสมควร แต่งานมักจะเจออุปสรรคค่อนข้างมาก ต้องระวังบางทีเจอศัตรูลักษณะโผงผางทำให้เสียหายทางด้านการงานได้ครับ', 'การเงิน วาสนาเรื่องการเงินของชาวราศีสิงห์ในช่วงนี้ ถือว่ายังหาได้ยังมีเงินไม่ขาด การเงินยังมีความคล่องตัว แต่ต้องระวังรายจ่ายเช่นกัน ท่านมักจะเก็บเงินไม่อยู่ ต้องระวังเสียเงินไปกับเรื่องครอบครัว บางทีต้องระวังข้าวของเสียหาย', 'สุขภาพ วาสนาเรื่องสุขภาพของชาวราศีสิงห์ในช่วงนี้ ท่านควรจะดูแลสุขภาพเอาไว้บ้าง บางทีท่านมักจะใช้ร่างกายมากเกินไป ทำงานหนักมากเกินไป ต้องระวังบางทีล้มหมอนนอนเสื่อได้ ในด้านอารมณ์มักจะใจร้อน อาจจะทำให้มีปัญหากับคนรอบข้างได้', 'ความรัก วาสนาเรื่องความรักของชาวราศีสิงห์ในช่วงนี้ ท่านที่มีคู่ครองอยู่แล้ว โดยมากต้องระวังขัดแย้งกับคู่ครอง มักจะมีเรื่องทะเลาะกันเป็นประจำ คู่ครองมักจะอารมณ์ร้อนง่าย ท่านที่ยังไม่มีคู่ครอง ในระยะนี้ท่านต้องระวังคนมีเจ้าของเข้ามาในชีวิตครับ'),
('Libra', 'February', 'การงาน ส่วนที่คิดว่าพลาดหวังไปแล้วอาจกลับมาให้ท่านได้รับผิดชอบอีกครั้งหากยังไม่ถอดใจ ซึ่งจะทำให้ท่านสร้างผลงานที่ดีตามมา ', 'การเงิน มีเข้ามาดีโดยเฉพาะในส่วนที่เป็นเงินก้อนจากของที่มีมูลค่าสูงซึ่งได้ข้อสรุปในช่วงนี้ การลงทุนในตลาดทุน ปัจจัยที่ควบคุมไม่ได้จากภายนอกให้ผลดีแก่ท่านแต่ต้องระวังข้อมูลที่ไม่ถูกต้องที่เข้ามาแทรกให้มากๆ ', 'สุขภาพ ความรีบร้อนอาจทำให้เกิดอุบัติเหตุขึ้นได้', 'ความรัก ความสัมพันธ์ที่มีมานานควรหาข้อสรุปร่วมกันได้แล้ว '),
('Libra', 'January', 'การงาน วาสนาเรื่องการงานของชาวราศีตุลย์ในช่วงนี้ ท่านมักจะมีอุปสรรคให้คอยตามแก้เสมอ เป็นช่วงที่ต้องฟันฝ่าในชีวิต แต่ท่านก็มีโอกาสที่จะประสบความสำเร็จได้จากความพยายาม สำหรับท่านที่ค้าขาย ท่านจะต้องเดินทางไปพบลูกค้าข้างนอกบ้างก็จะดีมากครับ', 'การเงิน วาสนาเรื่องการเงินของชาวราศีตุลย์ในช่วงนี้ ในเดือนนี้ถือว่าอยู่ในเกณฑ์ที่ดีมีเงินไม่ขาด มักจะได้เงินจากการเดินทางและจากมิตรสหายคอยสนับสนุน แต่ภาระทางการเงินท่านค่อนข้างมากพอสมควร แต่คงไม่เสียหาย', 'สุขภาพ วาสนาเรื่องสุขภาพของชาวราศีตุลย์ในช่วงนี้ ท่านอาจจะเจ็บป่วยได้ ต้องระวังอุบัติเหตุในระยะนี้ หรือในด้านสุขภาพจิต ท่านมักจะอารมณ์ร้อนง่าย บางทีขาดสติ และมักจะหลง ๆ ลืม ๆ ขอให้ท่านหมั่นฝึกสมาธิเอาไว้บ้างครับ', 'ความรัก วาสนาเรื่องความรักของชาวราศีตุลย์ในช่วงนี้ ท่านที่มีคู่ครองอยู่แล้ว ความรักถือว่ายังพอไปได้เรื่อย ๆ ถือว่าดีกว่าเดือนที่แล้ว แต่มักจะมีเรื่องขัดแย้งกันเป็นปกติครับ สำหรับท่านที่ยังไม่มีคู่ครอง หากท่านรักใครสักคนโดยมากมักจะเจอคนไกล หรือคนที่มีเจ้าของอยู่แล้วครับ'),
('Libra', 'March', 'การงาน คุณจะรู้สึกเบื่องานของตัวเองมากขึ้นเรื่อยๆ งานอะไรที่มันควรเสร็จหรือไปได้ดี มันกลับไม่ค่อยขยับเขยื้อนเลย ในเดือนนี้คุณอาจได้รับมอบหมายหน้าที่เพิ่มขึ้น และต้องใช้สติกับงานนั้นมากขึ้น', 'การเงิน การเงินยังคงต้องหมุนอยู่ อาจไม่ได้คล่องมากนัก แต่ก็ยังไม่ถึงขั้นลำบากหากคุณจัดสรรการเงินให้ดีตั้งแต่ต้นเดือน', 'สุขภาพ อาจมีการเจ็บป่วยเข้าโรงพยาบาล หรือมีอาการเกี่ยวกับเลือด ความดันได้', 'ความรัก ความรักของคนโสด อาจจะยังต้องโสดไปก่อน หากชอบใครอยู่คนนั้นอาจไม่ได้ชอบกลับ คนมีคู่ ต้องระวังเรื่องความมั่นใจและการเอาแต่ใจสักหน่อย เพราะคนรักของคุณอาจไม่อยากทนเรื่องนี้เท่าไหร่'),
('Libra', 'May', 'การงาน วาสนาเรื่องการงานของชาวราศีตุลย์ในช่วงนี้ ท่านมักจะเจองานที่หนักหรือมักจะมีภาระเข้ามาในระยะนี้ แต่ก็เป็นช่วงที่บางท่านอาจจะมีเกณฑ์ริเริ่มอะไรใหม่ในเรื่องการงานได้ด้วย สำหรับท่านที่ค้าสภาพคล่องทางการค้าอาจจะดูเรียบ ๆ ครับ', 'การเงิน วาสนาเรื่องการเงินของชาวราศีตุลย์ในช่วงนี้ ท่านมักจะมีรายจ่ายหรือมีภาระทางด้านการเงินเข้ามา บางท่านกำลังอยู่ในช่วงประมูลงานก็เป็นได้ บางทีอย่าไว้ใจบริวารมาก เพราะบริวารอาจจะทำให้เสียหายเรื่องการเงินได้ครับ', 'สุขภาพ วาสนาเรื่องสุขภาพของชาวราศีตุลย์ในช่วงนี้ ท่านต้องระวังเจ็บป่วยได้ บางทีมีปัญหาเรื่องเกี่ยวกับช่องท้อง ดวงอุบัติเหตุหรือการผ่าตัดก็ไม่ควรประมาทครับ บางท่านสุขภาพก็เป็น ๆ หาย ๆ ขอให้ท่านหันมาดูแลตัวเองเอาไว้บ้างก็ดีครับ', 'ความรัก วาสนาเรื่องความรักของชาวราศีตุลย์ในช่วงนี้ ท่านที่มีคู่ครองอยู่แล้ว มักจะมีเรื่องขัดแย้งกันเป็นธรรมดา หรือเป็นสภาวะที่คู่ครองกำลังเจอเรื่องที่กังวลในชีวิต สำหรับท่านที่ยังไม่มีคู่ครอง โดยมากคนที่ถูกโฉลกอาจจะเป็นคนต่างถิ่นครับ รวมถึงอาจจะเป็นผู้ใหญ่กว่าก็ได้ครับ'),
('Pisces ', 'February', 'การงาน การยึดมั่นในหลักการและเป้าหมายอย่างมั่นคงจะช่วยให้ท่านผ่านอุปสรรคต่างๆ ไปได้อย่าได้หวั่นไหว ', 'การเงิน มีเข้ามาเป็นเงินก้อนใหญ่มากกว่าที่คาด แต่ก็หมดไปได้อย่างรวดเร็วหากขาดความรอบคอบ การลงทุนในตลาดทุน ให้ผลกำไรดีในส่วนที่ท่านมีความคุ้นเคย ', 'สุขภาพ แนวทางการรักษาโรคประจำตัวที่ได้มาในเวลานี้จะให้ผลดีตามมาอย่างชัดเจนในวันหน้า', 'ความรัก หากได้โอกาสอีกครั้งจากคนรักทำให้ดีที่สุดก็พอ '),
('Pisces ', 'January', 'การงาน วาสนาเรื่องการงานของชาวราศีมีนในช่วงนี้ ถือว่าอาจจะต้องฟันฝ่าอุปสรรคพอสมควร แต่อย่างน้อยก็ยังเอาดีได้ แต่ระวังจะเสียหายเพราะเพื่อนฝูงคนรอบข้าง ขอให้ท่านแยกแยะให้ดีครับ การงานในเดือนนี้อาจจะทำให้ท่านพบเพศตรงข้ามในระยะนี้ได้ด้วยครับ', 'การเงิน วาสนาเรื่องการเงินของชาวราศีมีนในช่วงนี้ ถือว่ายังอยู่ในเกณฑ์ที่ค่อนข้างดีมีเงินเข้ามาพอสมควร แต่อาจจะมีล่าช้าไปบ้าง มีรายจ่ายบ้าง ขอให้ท่านอย่าไปกังวล ในเดือนนี้บางท่านอาจจะได้เงินชดเชย หรือได้เงินมาจากที่ไกล ๆ ได้ด้วยครับ', 'สุขภาพ วาสนาเรื่องสุขภาพของชาวราศีมีนในช่วงนี้ ถือว่ายังควรดูแลเอาไว้บ้างครับ อาจจะมีเจ็บป่วยบ้าง แต่เดือนนี้คงยังมิใช่เป็นช่วงที่จะแสดงขีดร้าย แต่ในด้านสุขภาพจิต คงต้องฝึกควบคุมให้ดี เพราะอารมณ์มักจะร้อนขุ่นมัวง่ายครับ', 'ความรัก วาสนาเรื่องความรักของชาวราศีมีนในช่วงนี้ ท่านที่มีคู่ครองอยู่แล้ว ท่านกับคู่ครองอาจจะมีเรื่องขัดแย้งกันบ้างกับเรื่องครอบครัวหรือญาติพี่น้อง แต่ตรงนี้จะยังไม่เป็นไรครับ สำหรับท่านที่ยังไม่มีคู่ครอง ในเดือนนี้โชคทางความรักอาจจะมาจากการงานหรือที่เรียนได้ครับ          '),
('Pisces ', 'March', 'การงาน คุณจะรู้สึกว่างานของคุณมาผิดแผนไปหมด หลายๆ อย่างต้องลุยและทำคนเดียว เพราะไม่มีใครสามารถช่วยคุณได้เลย และในช่วงเดือนนี้ต้องเตรียมรับมือกับปัญหาที่เข้ามารอบทิศทางด้วย เพราะคุณจะปวดหัวหนักเลยทีเดียว', 'การเงิน เงินของคุณยังดีอยู่ แต่ที่น่าเป็นห่วงคือเรื่องของสุขภาพมากกว่า อาจต้องนำเงินไปจ่ายค่ารักษาสุขภาพ หรือวิตามินเสริมอาหารได้', 'สุขภาพ ระวังเรื่องไมเกรน โรคเครียด', 'ความรัก ความรักคนโสด คุณอาจได้เจอคนที่อายุมากกว่า เขาคนนั้นอาจเข้ามาจากเรื่องของงานได้ คนมีคู่ช่วงนี้อาจมีการคุยเรื่องอนาคตร่วมกันมากขึ้น อาจถึงขั้นวางแผนแต่งงานในช่วงนี้ได้เลย'),
('Pisces ', 'May', 'การงาน วาสนาเรื่องการงานของชาวราศีมีนในช่วงนี้ โดยมากการงานอาจจะมีเกณฑ์ริเริ่มอะไรใหม่ ๆ แต่การที่ท่านริเริ่มอะไรใหม่นั้นคงมิใช่เรื่องง่าย ๆ ชีวิตยังมีอุปสรรคในด้านการงานพอสมควร สำหรับท่านที่ค้าขาย การค้าในเดือนนี้ถือว่ายังพอไปได้ แต่มักจะเจองานที่คอยตามแก้ค่อนข้างมาก', 'การเงิน วาสนาเรื่องการเงินของชาวราศีมีนในช่วงนี้ ในระยะนี้รายจ่ายจะค่อนข้างมาก มักจะเก็บเงินไม่ค่อยอยู่ เป็นช่วงที่หาเงินได้ด้วยความเหนื่อยหน่อย ขอให้ท่านอดทนและฟันฝ่า ท่านสามารถเอาตัวรอดได้อย่างแน่นอน', 'สุขภาพ วาสนาเรื่องสุขภาพของชาวราศีมีนในช่วงนี้ ยังไม่ค่อยดีสามารถเจ็บป่วยได้ บางทีมักจะเป็นโรคคิดมากหวาดระแวง บางทีนอนไม่หลับ แม้กระทั่งการเจ็บป่วยหรืออุบัติเหตุท่านก็จะประมาทไม่ได้เลย ขอให้ท่านมีสติไว้ก่อนเป็นดีที่สุด', 'ความรัก วาสนาเรื่องความรักของชาวราศีมีนในช่วงนี้ ท่านที่มีคู่ครองอยู่แล้ว มักจะมีโอกาสได้ใกล้ชิดกัน ความรักเป็นเสมือนเพื่อน สำหรับท่านที่ยังไม่มีคู่ครอง หากท่านได้คู่ครองหรือรักใครสักคน คนที่ต้องโฉลกมีแนวโน้มว่าจะเป็นเพื่อนกันมาก่อนครับ'),
('Sagittarius', 'February', 'การงาน เรื่องสำคัญหรือมีความผูกพันระยะยาวยังไม่ควรทำอะไรมาก ความเร่งรีบจะยิ่งทำให้เกิดปัญหา ', 'การเงิน มีเข้ามาไม่มากเท่าที่ต้องการ แต่ก็ไม่ทำให้เป็นปัญหา การลงทุนในตลาดทุน เป็นช่วงเวลาดีๆ ของท่านในการทำกำไรโดยเฉพาะในส่วนที่เคยทำได้มาก่อน ', 'สุขภาพ หากเกิดอาการเจ็บลึกๆบริเวณท้องควรตรวจให้ละเอียดรักษาได้ไม่ยาก', 'ความรัก มองข้ามเรื่องบางอย่างไปบ้างก็น่าจะช่วยให้ชีวิตคู่ดีขึ้น '),
('Sagittarius', 'January', 'การงาน วาสนาเรื่องการงานของชาวราศีธนูในช่วงนี้ ถือว่ายังดำเนินไปได้ด้วยดี แม้ว่าจะมีอุปสรรคระหว่างทางบ้างก็ตาม แต่ท่านต้องระวังเพื่อนร่วมงานทำให้ท่านต้องหัวเสียเรื่องการงาน จะติดต่ออะไรอาจจะมีอุปสรรคพอสมควร แต่จะไม่เสียหายครับ', 'การเงิน วาสนาเรื่องการเงินของชาวราศีธนูในช่วงนี้ ในเดือนนี้ถือว่ายังดีมีเงินเข้ามา เป็นเงินที่ได้จากลำแข้งตัวเองทั้งนั้น แต่ถึงอย่างไรหากท่านมีภาระและรายจ่ายถือว่าเป็นเรื่องธรรมดา ขอท่านอย่ากังวลเพราะในเดือนนี้ท่านยังบริหารจัดการได้ครับ', 'สุขภาพ วาสนาเรื่องสุขภาพของชาวราศีธนูในช่วงนี้ สุขภาพท่านถือว่ายังอยู่ในเกณฑ์ที่ดีไม่เป็นไร หากจะเจ็บป่วย ต้องระวังการแบกรับภาระมากเกินไปจนทำให้ท่านมิได้หยุดพัก ฉะนั้นขอให้ท่านปล่อยวางจากความเครียดเอาไว้บ้างครับ', 'ความรัก วาสนาเรื่องความรักของชาวราศีธนูในช่วงนี้ ท่านที่มีคู่ครองอยู่แล้ว โดยมากความรักถือว่ายังอยู่ในเกณฑ์ที่ดียังพอไปได้ มีโอกาสได้ใกล้ชิดกันมากขึ้น แต่ต้องระวังคู่ครองมักสุขภาพไม่ค่อยดี สำหรับท่านที่ยังไม่มีคู่ครอง คนที่ถูกโฉลกกับท่านควรจะเป็นคนไกลคนต่างถิ่นครับ'),
('Sagittarius', 'March', 'การงาน ในเดือนนี้คุณต้องสู้ในเรื่องงานเยอะหน่อย ไม่ว่าจะมาในลักษณะในอย่าอ่อนข้อ ไม่อย่างนั้นคุณจะโดนเอาเปรียบทันที ในขณะเดียวกันเดือนนี้คุณอาจได้เซ็นสัญญาข้อตกลงอะไรบางอย่าง หากใครหางานใหม่อยู่จะมีเกณฑ์ได้ในเดือนนี้', 'การเงิน ต้องบอกว่าคุณเริ่มจะใช้เงินแก้เครียด เดือนนี้คุณเจอหลายเรื่องสะสมมา เพราะมีเงินก็จะใช้ไปกับการ เที่ยว ทำอะไรที่มีความสุขใจ คุณจะได้เงินงานแล้วหมดไปอย่างรวดเร็วเช่นกัน ฉะนั้นอย่าประมาท', 'สุขภาพ ระวังการเหนื่อยง่าย เสียดหน้าอก', 'ความรัก ความรักคนโสด จะมีคนเข้ามาสนใจคุณอย่างออกนอกหน้าได้ แต่คุณจะมองว่าเขาคนนั้นเป็นหนุ่มจืด คนมีคู่ คุณและแฟนต่างมีเรื่องให้คิดหรือให้ทำเยอะ ต่างคนต่างค่อนข้างยุ่ง ต้องระวังเรื่องการไม่มีเวลาให้กัน'),
('Sagittarius', 'May', 'การงาน วาสนาเรื่องการงานของชาวราศีธนูในช่วงนี้ มักจะมีอุปสรรคถูกขัดขวาง ต้องระวังผู้ใหญ่ให้โทษ แต่ขอให้ท่านอดทนรับรองท่านมีโอกาสที่จะประสบความสำเร็จได้ การงานมักจะมีคู่แข่งหรือมีศัตรูเกิดขึ้น ท่านที่ค้าขายในระยะนี้จะมีงานให้คอยตามแก้เสมอครับ', 'การเงิน วาสนาเรื่องการเงินของชาวราศีธนูในช่วงนี้ ถือว่ายังหาเงินได้ ยังพอมีโชคทางการเงินพอสมควร แต่รายจ่ายท่านค่อนข้างจะมีมาก เหมือนรับซ้าย-จ่ายขวา ขอให้ท่านวางแผนทางการเงินเอาไว้บ้างก็ดีครับ บางทีเสียเงินไปกับเรื่องในครอบครัวและคนรอบข้าง', 'สุขภาพ วาสนาเรื่องสุขภาพของชาวราศีธนูในช่วงนี้ มักไม่ค่อยดีจะเจ็บป่วย ต้องระวังเรื่องความเครียด หรือเกี่ยวกับสมอง เช่น ปวดศีรษะ ไมเกรน เจ็บป่วยด้านระบบทางเดินหายใจ หรือเป็นความดัน ขอให้ท่านหันมาดูแลตัวเองไว้ก่อนเป็นดีที่สุดครับ', 'ความรัก วาสนาเรื่องความรักของชาวราศีธนูในช่วงนี้ ท่านที่มีคู่ครองอยู่แล้ว ในระยะนี้อาจจะมีเรื่องขัดแย้งกัน บางทีเหมือนเป็นคลื่นใต้น้ำที่ต่างคนต่างไม่พูด สำหรับท่านที่ยังไม่มีคู่ครอง ในเดือนนี้จะเป็นเดือนที่ท่านเนื้อหอม แต่ต้องระวังเจอคนมีเจ้าของครับ'),
('Scorpio', 'February', 'การงาน การนำความรู้ใหม่ๆ เข้ามาเสริมให้กับลูกน้องผู้ร่วมงานจะให้ผลดีตามมาอย่างมากและช่วยให้ได้รับโอกาสที่ดีจากผู้สนับสนุนมากขึ้น', 'การเงิน เรื่องที่ว่ายากแต่ก็มีผลประโยชน์ด้านตัวเงินจำนวนมากรออยู่ เดินหน้าทำต่อไปอย่าได้หยุด การลงทุนในตลาดทุน รออีกระยะค่อยทำในสิ่งที่คิดก็น่าจะเลี่ยงความเสียหายได้ ', 'สุขภาพ อาจเกิดอาการผื่นคันขึ้นได้จากการแพ้อาหารบางประเภท', 'ความรัก ความใส่ใจที่ท่านมีให้คนรักมากขึ้นช่วยเติมความรักที่มีให้กันได้อย่างดี '),
('Scorpio', 'January', 'การงาน วาสนาเรื่องการงานของชาวราศีพิจิกในช่วงนี้ ท่านมักจะเกี่ยวข้องกับเพื่อนฝูงคนรอบข้างมากขึ้น มักมีโอกาสได้ร่วมประชุม การงานท่านนับว่ายังพอมีความก้าวหน้าในระยะนี้ครับ บางท่านอาจจะมีโชคทางการงานหากท่านนั้นอยู่เบื้องหลังครับ', 'การเงิน วาสนาเรื่องการเงินของชาวราศีพิจิกในช่วงนี้ ถือว่ายังหาได้ยังมีเงินไม่ขาดมือ แต่รายจ่ายภาระชีวิตท่านจะค่อนข้างมาก บางทีมักหัวเสียเพราะข้าวของมักจะเสียหายในระยะนี้ ฉะนั้นท่านจะต้องวางแผนในเรื่องการเงินเข้าไว้ให้ดีครับ', 'สุขภาพ วาสนาเรื่องสุขภาพของชาวราศีพิจิกในช่วงนี้ ท่านมักจะเจ็บป่วยได้ ต้องระวังผ่าตัดหรือมีเกณฑ์เลือดตกยางออกในระยะนี้ได้ บางท่านอาจจะมีคนในครอบครัวเจ็บป่วยได้ด้วย ขอให้ท่านหมั่นดูแลสุขภาพตนเองและคนในครอบครัวเอาไว้ให้มากครับ', 'ความรัก วาสนาเรื่องความรักของชาวราศีพิจิกในช่วงนี้ ท่านที่มีคู่ครองอยู่แล้ว โดยมากความสดใสในความรักอาจจะยังดูเรียบ ๆ บางทีมักจะมีเรื่องขัดแย้งทะเลาะกันเป็นประจำ ต้องระวังเรื่องของทิฐิมานะไว้ให้มาก สำหรับท่านที่ยังไม่มีคู่ครอง โดยมากโชคทางความรักในเดือนนี้อาจจะไม่ดีเท่าที่ควรครับ'),
('Scorpio', 'March', 'การงาน งานของคุณมีความก้าวหน้าหรือมีความเป็นรูปเป็นร่างมากขึ้น หากใครที่ทำธุรกิจให้เร่งมือเปิดหรือดำเนินการในช่วงต้นเดือนนี้ก่อน แต่ช่วงปลายเดือนอาจมีเรื่องปวดหัวตามมาได้ โดยเฉพาะเรื่องของคนรอบข้าง', 'การเงิน คุณจะได้รับเงินก้อน หรืองานที่ตั้งใจทำงานมานานจะให้ผลตอบแทนคุณได้มากขึ้น คุณอาจอยากนำเงินนี้ไปทำอะไรที่ต่อยอดงานคุณเพิ่มเติม', 'สุขภาพ ระวังเรื่องการคิดมาก หรือซึมเศร้า', 'ความรัก ความรักคนโสด เดือนนี้คุณค่อนข้างเหงา ยังไม่สมหวังในความรัก อยากให้เน้นการทำอะไรเพื่อตัวเองมากกว่า คนมีคู่ในเดือนนี้อาจต้องห่างไกลหรือไม่ค่อยได้ติดต่อคนรัก อาจมีเรื่องอึดอัดใจระหว่างกันได้'),
('Scorpio', 'May', 'การงาน วาสนาเรื่องการงานของชาวราศีพิจิกในช่วงนี้ ช่วงครึ่งเดือนแรกมักจะมีอุปสรรคค่อนข้างมาก มักจะมีศัตรูคู่แข่งเกิดขึ้น ในครึ่งเดือนหลังมักจะมีดวงเดินทางในเรื่องการงาน แต่ความก้าวหน้าถือว่าค่อนข้างดีขึ้นครับ', 'การเงิน วาสนาเรื่องการเงินของชาวราศีพิจิกในช่วงนี้ ถือว่ายังดีมีเงินเข้ามา โดยมากมักเป็นเงินที่ได้มาจากการเดินทางติดต่อ แต่ต้องระวังเพื่อนฝูงบางกลุ่มจะเบียดเบียนเรื่องการเงิน รวมถึงเสียเงินไปกับเรื่องในครอบครัวค่อนข้างมาก', 'สุขภาพ วาสนาเรื่องสุขภาพของชาวราศีพิจิกในช่วงนี้ มักไม่ค่อยดีเจ็บป่วยบ่อย รวมถึงท่านต้องระวังอุบัติเหตุหรือการผ่าตัดเอาไว้บ้าง และต้องระวังคนในครอบครัวหรือญาติพี่น้องเจ็บป่วย ในด้านสุขภาพจิตมักจะอารมณ์ร้อนง่าย', 'ความรัก วาสนาเรื่องความรักของชาวราศีพิจิกในช่วงนี้ ท่านที่มีคู่ครองอยู่แล้ว คู่ครองอาจจะมีดวงเดินทางเกิดขึ้น บางทีคู่ครองมีดวงโยกย้าย ความสดใสทางความรักอาจจะดูเรียบ ๆ สำหรับท่านที่ยังไม่มีคู่ครอง ในเดือนนี้จะเป็นเดือนที่ท่านเนื้อหอมมีคนมาชอบเยอะครับ'),
('Taurus', 'February', 'การงาน การได้มีเวลากับการทบทวนแผนงานและภารกิจในช่วงนี้ถือเป็นสิ่งสำคัญที่ควรทำจะช่วยให้เดินไปข้างหน้าได้อย่างมั่นคงมากขึ้น ', 'การเงิน อาจเกิดการสะดุดกับบางส่วนขึ้นมาได้ จึงต้องระมัดระวังการใช้จ่ายให้มากกว่าเดิม การลงทุนในตลาดทุน ความคิดหลักที่เป็นตัวของตัวเองจะช่วยสร้างผลกำไรให้ได้อย่างมากในเวลานี้ ', 'สุขภาพ ระวังหัวเข่าจะได้รับการกระแทกให้ได้รับบาดเจ็บ', 'ความรัก เงื่อนไขที่ได้ทำกิจกรรมต่างๆ ร่วมกันมากขึ้นช่วยให้ช่องว่างที่มีลดน้อยลงอย่างมาก '),
('Taurus', 'January', 'การงาน วาสนาเรื่องการงานของชาวราศีพฤษภในช่วงนี้ ในระยะนี้ถือว่ายังมีความก้าวหน้า ยังมีคนช่วยเหลืออุปถัมภ์ แต่มักจะเจองานที่เร่งด่วนและมีอุปสรรคให้คอยตามแก้ค่อนข้างมาก หากท่านค้าขายในระยะนี้มักจะเจอลูกค้าที่ค่อนข้างเอาแต่ใจ ทำให้ท่านหัวเสียได้ครับ', 'การเงิน วาสนาเรื่องการเงินของชาวราศีพฤษภในช่วงนี้ ถือว่ายังดีมีเงินไม่ขาด แต่ต้องระวังเสียเงินไปกับครอบครัวหรือเพศตรงข้าม แต่จะไม่เสียหาย โดยมากโชคทางการเงินมักจะมาจากลำแข้งตนเองและความพยายามมากกว่าครับ', 'สุขภาพ วาสนาเรื่องสุขภาพของชาวราศีพฤษภในช่วงนี้ มักจะไม่ค่อยดี ต้องระวังเกิดอุบัติเหตุหรือเจ็บป่วยได้ ฉะนั้นท่านจะต้องมีสติไว้ให้มาก ในด้านอารมณ์มักจะอารมณ์ร้อนง่าย อาจจะเป็นสาเหตุทำให้ขัดแย้งกับคู่ครองหรือคนรอบข้างได้ด้วยครับ', 'ความรัก วาสนาเรื่องความรักของชาวราศีพฤษภในช่วงนี้ ท่านที่มีคู่ครองอยู่แล้ว ท่านอาจจะได้ใกล้ชิดกันมากขึ้น จนทำให้บางทีอาจจะมีเรื่องทะเลาะขัดแย้งกันบ่อยได้ด้วยครับ สำหรับท่านที่ยังไม่มีคู่ครอง ในเดือนนี้ท่านอาจจะมีเพศตรงข้ามผ่านเข้ามาพอสมควร แต่อาจจะเป็นคนที่เป็นหม้ายหรือคนแก่กว่าได้ครับ'),
('Taurus', 'March', 'การงาน งานในเดือนนี้ต้องบอกเลยว่าปังมาก แต่ต้องทำงานเป็นทีมหรือร่วมมือกับคนอื่นถึงจะไปในทิศนางที่ดี ที่สำคัญถ้าในช่วงนี้จะมีการทำข้อตกลงหรือเซ็นสัญญาอะไรจะมีเกณฑ์ได้ และถ้าหากใครเริ่มมองหางานใหม่ ในช่วงเดือนนี้จะได้งานใหม่ที่รอคอย', 'การเงิน การเงินของชาวพฤษภในเดือนนี้ต้องคิดมากกว่าเดิมสักหน่อย เพราะที่ผ่านมาอาจมีเรื่องให้ใช้เงินเยอะมาสักพักแล้ว ในเดือนนี้ต้องวางแผนทำอะไรมากขึ้น หรือถ้าหากใครอยากลงทุนอะไรเพิ่มเติมสามารถวางแผนได้เลย', 'สุขภาพ ระวังเรื่องการปวดหลัง การคิดมาก', 'ความรัก ความรักของคนโสดอาจได้เจอคนที่ถูกใจ ทำให้ใจเต้นได้ แต่คนๆ นั้นอาจเป็นคนที่อยู่ไกลหรือต่างชาติ ส่วนคนมีคู่ในเดือนนี้ให้ระวังปัญหาเก่าๆ กลับมาทำให้เกิดความระหองระแหงได้'),
('Taurus', 'May', 'การงาน วาสนาเรื่องการงานของชาวราศีพฤษภในช่วงนี้ ถือว่ายังมีความก้าวหน้าดี ผู้ใหญ่ยังเอ็นดูมากขึ้น แต่ท่านอาจจะมีภาระเร่งด่วนเข้ามาในระยะนี้ เป็นช่วงที่ต้องฟันฝ่าพอสมควร และมีปัญหาให้คอยตามแก้เป็นเรื่องธรรมดาครับ', 'การเงิน วาสนาเรื่องการเงินของชาวราศีพฤษภในช่วงนี้ นับว่าดีมีเงินไม่ขาด สามารถหาเงินได้คล่อง มักมีคนคอยช่วยเหลืออุปถัมภ์ค้ำจุน ผู้ใหญ่มักจะให้โชคให้คุณในระยะนี้ แต่โดยมากต้องระวังเสียเงินไปกับเรื่องไม่เป็นเรื่อง บางทีข้าวของเสียหาย', 'สุขภาพ วาสนาเรื่องสุขภาพของชาวราศีพฤษภในช่วงนี้ อาจจะเจ็บป่วยได้ บางทีมักเป็นไข้ตัวร้อน รวมถึงต้องระวังอุบัติเหตุการผ่าตัดเอาไว้บ้าง ในด้านสุขภาพบางทีมักจะอารมณ์ร้อนหงุดหงิดง่าย ต้องระวังขัดแย้งกับคนอื่นได้ด้วยครับ', 'ความรัก วาสนาเรื่องความรักของชาวราศีพฤษภในช่วงนี้ ท่านที่มีคู่ครองอยู่แล้ว โดยมากคู่ครองมักจะเข้ามามีบทบาทในชีวิตท่าน บางทีได้ร่วมงานกับคู่ครอง บางท่านมักจะขัดแย้งกันเป็นเรื่องปกติ สำหรับท่านที่ยังไม่มีคู่ครอง คนที่ต้องโฉลกจะเป็นคนในที่เจอกันในเรื่องงาน หรือคนที่เคยเรียนมาด้วยกันครับ'),
('Virgo ', 'February', 'การงาน ไม่ควรรีบร้อนทำอะไรที่ยังดูไม่พร้อม ค่อยเป็นค่อยไปตามขั้นตอนดีที่สุดปลอดภัยกว่า ', 'การเงิน ไม่มีปัญหาสบายใจได้ ในเรื่องนี้ขอเพียงจัดสรรการใช้จ่ายให้เหมาะสมก็พอ การลงทุนในตลาดทุน กลุ่มอสังหาริมทรัพย์ยังเป็นส่วนที่ให้ผลกำไรกับท่านได้ดี ', 'สุขภาพ ต้องควบคุมความดันโลหิตให้ดีอย่าละเลยจะส่งผลเสียอื่นๆตามมา', 'ความรัก ได้ความสนับสนุนจากผู้ใหญ่ช่วยให้ความรักราบรื่นขึ้นอย่างมาก '),
('Virgo ', 'January', 'การงาน วาสนาเรื่องการงานของชาวราศีกันย์ในช่วงนี้ เป็นช่วงที่มักจะถูกกดดันและมักจะรู้สึกอึดอัดในเรื่องการงานพอสมควร ชีวิตในด้านการงานมักจะมีคู่แข่งหรือศัตรูเข้ามาตลอด แต่ท่านก็สามารถผ่านพ้นและสามารถก้าวข้ามไปได้ครับ', 'การเงิน วาสนาเรื่องการเงินของชาวราศีกันย์ในช่วงนี้ มักจะมีแต่รายจ่ายเข้ามาเสมอ มักจะเสียเงินไปกับครอบครัวหรือเพศตรงข้ามได้ด้วย บางท่านมักจะหมุนเงินหรืออาจจะมีดวงกู้เงินในระยะนี้ได้ด้วย ขอให้ท่านวางแผนเรื่องการเงินเอาไว้ให้ดีครับ', 'สุขภาพ วาสนาเรื่องสุขภาพของชาวราศีกันย์ในช่วงนี้ ในระยะนี้มักไม่ดีอาจจะเจ็บป่วยได้ บางท่านต้องระวังเรื่องความดัน หรือเกี่ยวกับหัวใจได้ครับ บางครั้งอาจจะหมายถึงสุขภาพจิต มักจะอยู่ในช่วงที่กดดันในระยะนี้ครับ', 'ความรัก วาสนาเรื่องความรักของชาวราศีกันย์ในช่วงนี้ ท่านที่มีคู่ครองอยู่แล้ว ท่านมักจะขัดแย้งกันพอสมควรในเรื่องเงิน ๆ  ทอง ๆ ความสดใสทางความรักยังดูเรียบ ๆ สำหรับท่านที่ยังไม่มีคู่ครอง คนที่ท่านต้องโฉลกในระยะนี้จะเป็นคนที่อายุอ่อนกว่าลักษณะตัวเล็กครับ'),
('Virgo ', 'March', 'การงาน คุณจะได้รับความกดดันจากเรื่องงานค่อนข้างเยอะในเดือนนี้ ต้องระวังงานไม่เสร็จตามเวลาที่กำหนด หรือมีเรื่องให้ต้องแก้ไขหน้างานเยอะ ซึ่งเดือนนี้จะเป็นเดือนที่คุณเครียดเรื่องงานอยู่ไม่น้อยเลย', 'การเงิน การเงินของคุณยังไม่น่าห่วงมากนัก ในเดือนนี้คุณอาจนำเงินไปลงทุนหรือเก็บเงินได้ตามจำนวนที่ตั้งใจเอาไว้ได้', 'สุขภาพ เดือนนี้ให้ระวังเรื่องของอารมณ์ และเรื่องขา เข่า', 'ความรัก ความรักคนโสดในเดือนนี้ต้องระวังเรื่องของรักสามเส้า หากคุณเพิ่งเจอใครใหม่ ต้องเช็กให้ดีว่าเขานั้นมีอีกคนหรือไม่? ส่วนคนมีคู่ต้องระวังเรื่องการไม่ลงรอยกัน หรือฝ่ายใดฝ่ายหนึ่งจะมีอีกคนเข้ามาได้'),
('Virgo ', 'May', 'การงาน วาสนาเรื่องการงานของชาวราศีกันย์ในช่วงนี้ ท่านมักจะมีอุปสรรคให้คอยตามแก้เสมอ บางทีมีงานเร่งด่วนเข้ามาในระยะนี้ เป็นช่วงที่ต้องฟันฝ่า ต้องระวังขัดแย้งกับหุ้นส่วนหรือคนรอบข้างเอาไว้บ้างครับ ท่านที่ค้าขายก็ไม่ควรปล่อยเครดิตมากครับ', 'การเงิน วาสนาเรื่องการเงินของชาวราศีกันย์ในช่วงนี้ มักจะมีรายจ่ายรอบด้าน หาเงินด้วยความเหน็ดเหนื่อย ขอให้ท่านวางแผนทางด้านการเงินไว้บ้างครับ บางทีท่านมักจะเสียเงินไปกับเรื่องไม่เป็นเรื่อง และระวังถูกโกงหรือโดนเอาเปรียบด้านการเงินครับ', 'สุขภาพ วาสนาเรื่องสุขภาพของชาวราศีกันย์ในช่วงนี้ มักจะไม่ค่อยดีบางทีเจ็บป่วยได้ ชีวิตมักจะใช้ร่างกายเปลืองไปสักนิด บางทีท่านทำงานหนักหรือคิดมากเกินไป ท่านควรจะหันมาดูแลเรื่องสุขภาพไว้บ้างก็ดีครับ รวมถึงต้องระวังอุบัติเหตุเอาไว้บ้างครับ', 'ความรัก วาสนาเรื่องความรักของชาวราศีกันย์ในช่วงนี้ ท่านที่มีคู่ครองอยู่แล้ว ในเดือนนี้มักจะขัดแย้งกันเป็นประจำ ต้องระวังคู่ครองมีเรื่องปิดบังซ่อนเร้น สำหรับท่านที่ยังไม่มีคู่ครอง ในเดือนนี้จะเป็นเดือนที่ท่านมีเสน่ห์ ระวังเจอคนมีเจ้าของหรือคนต่างชาติเข้ามาในชีวิตได้ครับ');

-- --------------------------------------------------------

--
-- Table structure for table `monthpredict`
--

CREATE TABLE `monthpredict` (
  `mpLoginID` varchar(11) NOT NULL,
  `mpZodiac` varchar(15) NOT NULL,
  `mpMonth` varchar(10) NOT NULL,
  `date` date NOT NULL
) ENGINE=InnoDB DEFAULT CHARSET=utf8mb4;

-- --------------------------------------------------------

--
-- Table structure for table `pokercard`
--

CREATE TABLE `pokercard` (
  `pNoOfCard` int(2) NOT NULL,
  `cardDescription` varchar(100) NOT NULL
) ENGINE=InnoDB DEFAULT CHARSET=utf8mb4;

--
-- Dumping data for table `pokercard`
--

INSERT INTO `pokercard` (`pNoOfCard`, `cardDescription`) VALUES
(0, 'The fool วันนี้คล้ายๆพักผ่อน มีการเดินทาง การท่องเที่ยว เรื่อยๆ ไม่จริงจังบ่อยวาง ไร้สาระ ไม่มีเรื่อ'),
(1, 'The magician วันนี้มีเรื่องการพูดคุย เจรจา การค้า การเรียน ใช้ความฉลาดหลักแหลมความรอบรู้ ความมั่นใจ '),
(2, 'The high priestess วันนี้ระวังเรื่องอารมณ์ อ่อนไหวง่าย เพ้อฝัน หรือสับสนวุ่นวาย ลางสังหรณ์จิตใต้สำนึ'),
(3, 'The empress วันนี้โดยรวมดีมากๆ เรื่องความรัก อาจมีคนมารักมาชอบ ครอบครัวมีความสุข สะดวกสบาย ความมีชื่'),
(4, 'The emperor วันนี้คุณอาจจะมีคนยกย่องชมเชย มีอำนาจ มีชัยชนะ การเป็นผู้นำความสำเร็จ การมีตำแหน่งฐานะคว'),
(5, 'The hierophant วันนี้สิ่งที่ติดขัดเริ่มคลี่คลาย อาจมีคนมาช่วยชี้ทางอบรมสั่งสอน ชี้แนะ มีคนช่วยเหลือ '),
(6, 'The lovers วันนี้มีความสุขสดชื่นในเรื่องความรัก และกามารมณ์ จิตใจว้าวุ่นสับสนในเรื่องรักๆใคร่ การแต่'),
(7, 'The chariot วันนี้อารมณ์หงุดหงิด ใจร้อน รุ่มเร้า ร้อนรน กระวนกระวายใจ ความขัดแย้ง ถกเถียงโต้แย้ง เกิ'),
(8, 'Strength วันนี้ถ้าเป็นหญิงคุณจะมีความน่าเกรงขามเข้มแข็ง มั่นใจ เข้มแข็ง การระงับ การใช้กำลังและสติปั'),
(9, 'The hermit วันนี้จะเหมือนอยู่ตัวคนเดียวอยู่อย่างสันโดษ ปล่อยวาง การตัดขาดจากโลกภายนอก หรือห่างไกลจาก'),
(10, 'Wheel of fortune วันนี้คุณจะมีดวงกับทุกๆเรื่อง มีโชคลาภทุกด้าน ความก้าวหน้า การเจริญเติบโต การเปลี่ย'),
(11, 'Justice วันนี้จะมีเรื่องให้ต้องใช้เหตุผล สติปัญญา ความยุติธรรมภายในจิตใจ และการกระทำ การตัดสินใจแก้ป'),
(12, 'The hanged man วันนี้คุณควรระวังการสูญเสีย ผิดหวัง อกหัก ทะเลาะ โรคภัยไข้เจ็บ เสียโอกาส เหนื่อยฟรี ก'),
(13, 'Death วันนี้อาจจะมีเรื่องให้ต้องรู้สึกเจ็บปวดหรือสูญเสีย ก็ขอให้รับมันให้ได้ ความยากลำบากในการ ปรับต'),
(14, 'Temperance วันนี้อาจจะเกิดการเปลี่ยนแปลงบางอย่าง เพื่อความพอดีเหมาะสม สมดุล ในทางที่ดีขึ้นกว่าเดิม ห'),
(15, 'The devil วันนี้อาจจะมีแนวโน้มเรื่องอบายมุข การพนัน สิ่งเสพย์ติด ระวังถูกต้มตุ๋นมาหลอกลวง โดนหลอก กา'),
(16, 'The tower วันนี้ระวังต้องตกใจกับเหตุการณ์ที่ไม่คาดคิด เป็นไพ่ไม่ดี ทะเลาะวิวาท อุบัติเหตุ บาดเจ็บ เล'),
(17, 'The star เป็นไพ่ที่ดี วันนี้คุณจะรู้สึกมีชีวิตชีวา มีความหวัง มีความสุขสดชื่น สงบราบรื่น มีแรงบันดาล'),
(18, 'The moon วันนี้การแก้ไขปัญหาที่จะได้มาจากความคิดฝันมากกว่า ทำไม่ได้จริง มีความคลุมเครือ ไม่แน่นอน กา'),
(19, 'The sun วันนี้เป็นวันที่ดีมากวันนึงของคุณ โดยรวมทุกอย่างที่ปรารถนาจะสำเร็จดังใจ มีแต่เรื่องดีๆทั้งนั'),
(20, 'Judgement วันนี้อาจะเป็นวันสรุปผลงานหรือผลของการกระทำของคุณในอดีต ปรับปรุงไปในทางที่ดีขึ้น การฟื้นไป'),
(21, 'The world วันนี้อาจจะทำอะไรก็มักมีความสำเร็จ ให้เชยชมเสมอ สิ่งที่ต้องการสมบูรณ์แบบตามคาดหวัง มีคนคอย'),
(22, 'Ace of pentacles วันนี้คุณจะมี โชคลาภ ข่าวดีทางการเงินหรือทางวัตถุ จะมีโชคหรือโอกาสในเรื่องเงิน กำลั'),
(23, 'Two of pentacles วันนี้เรื่องการเงินยุ่งเหยิง วุ่นๆ เกี่ยวกับเรื่องเงิน หลายอย่างที่ต้องคิด ต้องจัดก'),
(24, 'Three of pentacles วันนี้คุณจะมีโชคหรือโอกาสในเรื่องเงิน เรื่องทอง มากกว่าปรกติ หาเงินง่าย งานไปได้ส'),
(25, 'Four of pentacles วันนี้คุณจะประหยัดในการใช้เงิน เกิดสถานการณ์ที่ต้องประหยัดมัธยัสถ์ จะใช้จ่ายฟุ่มเฟ'),
(26, 'Five of pentacles วันนี้ทำสิ่งใดต้องรอบคอบและ ไตร่ตรองให้ดี โดยเฉพาะเรื่องการเงิน อย่าให้ผิดพลาด เรื'),
(27, 'Six of pentacles วันนี้ คุณอาจได้รับการชดใช้หนี้สิน รางวัล ผลตอบแทน ที่พึงจะได้มานานแล้ว ได้รับความช'),
(28, ' Seven of pentacles วันนี้คุณจะมีเงินได้เงิน ตามที่คาดหวัง เนื่องจากความขยันความจริงจัง และการอดออม '),
(29, 'Eight of pentacles วันนี้ให้มั่นใจไว้ เชื่อในความรู้ความสามารถตนเอง ก้าวสู่สิ่งใหม่ คุณมีความเชี่ยวช'),
(30, 'Nine of pentacles วันนี้การทำงาน การเรียนหรือทำการใดๆ อาจต้องต่อสู้ เหน็ดเหนื่อยกว่าปรกติหน่อย เพราะ'),
(31, 'Ten of pentacles วันนี้ทำอะไรก็ดีไปหมด โดยเฉพาะเรื่อง การเงิน ทรัพย์สิน โดยเฉพาะที่เกี่ยวกับอสังหาริ'),
(32, 'Page of pentacles วันนี้อาจมีข่าวดีด้านการเงินเข้ามา การมีโอกาสหารายได้หรือโอกาสทางการเงินเข้ามา เช่'),
(33, 'Knight of pentacles วันนี้อาจมีการเริ่มต้นการแก้ไขปัญหาเรื้อรังที่ทิ้งมานานมานาน เรื่องที่อยากจะทำแล'),
(34, 'Queen of pentacles วันนี้อาจมีเรื่องต้องทำเกี่ยวกับการเงินส่วนตัว เรื่องการเงินในครอบครัว ความมั่นคง'),
(35, 'King of pentacles วันนี้อาจจะผู้ใหญ่ใจดีและความมีเหตุผลให้คำปรึกษาและความช่วยเหลืออย่างเต็มที่ เว้นเ'),
(36, 'Ace of cups วันนี้อาจจะมีการเริ่มต้นใหม่ทางด้าน ความรู้สึก อารมณ์ ความสัมพันธ์ โครงการใหม่ แผนใหม่ ค'),
(37, 'Two of cups วันนี้เรื่องความสัมพันธ์ความรักจะดีมาก ไปจีบสาว มีคนรักที่จริงใจ มีความสื่อสัตย์ให้กัน ข'),
(38, 'Three of cups วันนี้อาจจะได้พบปะเพื่อนฝูง เพื่อนร่วมงาน หรือได้ไปงานไปร่วมอะไรสักอย่าง ที่มีความอุดม'),
(39, 'Four of cups วันนี้คุณอาจจะเกิดความเบื่อหน่าย ไม่พึงพอใจกับสิ่งใดๆรอบข้าง ไม่ได้ดังใจ อะไรต่างๆ รอบต'),
(40, 'Five of cups วันนี้ดูจะยุ่งเหยิงกว่าทุกวันสักหน่อย มีปัญหา ยุ่งยาก มีอุปสรรค มีศัตรู ติดขัดโน่นติดขั'),
(41, 'Six of cups วันนี้จะมีผลพวงที่คุณทำในอดีตที่ผ่านมา น่าจะเป็นเรื่องไม่ดี ที่ปิดบังซ่อนเร้น เป็นความลั'),
(42, 'Seven of cups วันนี้งานหรือผลเฉพาะที่มาจากความตั้งใจ ความมุ่งมั่น ความเข้มแข็ง ใช้สติปัญญา มีความสำเ'),
(43, 'Eight of cups วันนี้อารมณ์หงุดหงิด ใจร้อน รุ่มเร้า ร้อนรน กระวนกระวายใจ ไม่ได้ดังใจ ความขัดแย้ง ถกเถ'),
(44, 'Nine of cups วันนี้จะมีความสุขสมหวัง ทุกอย่างราบรื่นลงตัวดี มีความสมบูรณ์แบบ งานหรือสิ่งที่ทำก็ได้ตา'),
(45, 'Ten of cups วันนี้เป็นวันแห่งความสำเร็จ ทุกอย่างราบรื่นลงตัวดี คล่องตัว มีความสมบูรณ์แบบ งานหรือสิ่ง'),
(46, 'Page of cups วันนี้อาจจะมีการเริ่มต้นใหม่ทางด้าน ความรู้สึก อารมณ์ ความสัมพันธ์ โครงการใหม่ แผนใหม่ '),
(47, 'Knight of cups วันนี้มีการเดินทาง การแสวงหาความก้าวหน้า โครงการใหม่ แผนใหม่ ความคิดใหม่ๆ มีการพัฒนาต'),
(48, 'Queen of cups วันนี้จะมีเรื่องส่วนตัว เรื่องในบ้าน ในครอบครัว หรือธุระส่วนตัวเป็นเรื่องหลัก ให้ต้องจ'),
(49, 'King of cups วันนี้จะมีเรื่องการตัดสินใจ การจัดการที่ต้องใช้เหตุผล ที่ต้องใช้ความเป็นผู้ใหญ่ความหนัก'),
(50, 'Ace of swords วันนี้สิ่งที่ทำหรือดำเนินมาก่อนหน้านี้ จะสำเร็จ ได้รับผล ทุกอย่างจะเรียบร้อยเอง มีชัยช'),
(51, 'Two of swords วันนี้อาจเกิดความลังเลในการตัดสินใจเรื่องสำคัญบางอย่าง อันโน้นก็ดี อันนี้ก็ใช่ เพราะมอ'),
(52, 'Three of swords วันนี้อารมณ์หงุดหงิด ใจร้อน รุ่มเร้า ร้อนรน กระวนกระวายใจ ความขัดแย้ง ถกเถียงโต้แย้ง'),
(53, 'Four of swords วันนี้น่าจะดีหน่อย อาจมีการการพักผ่อน ผ่อนคลาย รีแลกซ์หลังจากเริ่มต้นดำเนินการบางอย่า'),
(54, 'Five of swords วันนี้ให้ระวังอาจจะมีเรื่องความขัดแย้ง ถกเถียงโต้แย้ง เกิดการทะเลาะเบาะแว้ง การขัดแย้'),
(55, 'Six of swords วันนี้มีช่วงเวลาที่ยุ่งยาก มีปัญหา ยุ่งยาก มีอุปสรรค มีศัตรู ติดขัดโน่นติดขัดนี่ ไม่คล'),
(56, ' Seven of swords วันนี้เป็นวันที่ดีวันนึง ความเข้มแข็ง ความพากเพียร การใช้สติปัญญา ใช้ความฉลาด ประสบ'),
(57, 'Eight of swords วันนี้อยู่ในสภาวะยุ่งเหยิง มีสถานการณ์ที่เครียดและวิตกกังวล ว้าวุ่นใจ มีเรื่องต้องลุ'),
(58, 'Nine of swords วันนี้มีสถานการณ์ที่เครียดและวิตกกังวล ว้าวุ่นใจ มีเรื่องต้องลุ้น ในเรื่องที่ทำหรือได'),
(59, 'Ten of swords วันนี้ไม่ค่อยดี ถือว่าเป็นวันที่แย่วันนึงเลยทีเดียว อาจมีเรื่องการสูญเสีย ทำอะไรไม่ได้'),
(60, 'Page of swords วันนี้อาจจะมีข่าวร้าย มีข่าวลือที่ไม่ดีกับคุณ มีปัญหา ยุ่งยาก มีอุปสรรค สภาพแวดล้อมไม'),
(61, 'Knight of swords วันนี้เริ่มต้นวันด้วยเรื่องที่ มีปัญหา ยุ่งยาก มีอุปสรรค มีศัตรู ติดขัดโน่นติดขัดนี'),
(62, 'Queen of swords วันนี้ให้ระวัง อาจมีปัญหาความไม่สะดวก ไม่ได้ดังใจหลายเรื่อง อย่าทำตัวนอกลู่นอกทางนัก'),
(63, 'King of swords วันนี้จะมีเรื่องการตัดสินใจ การจัดการที่ต้องใช้เหตุผล ที่ต้องใช้ความเป็นผู้ใหญ่ในตัวค'),
(64, 'Ace of wands วันนี้เหมาะสำหรับการเริ่มต้นสิ่งใหม่ๆ จะมีโชคดีหรือมีโอกาสด้านการงานเป็นพิเศษ ได้งานใหม'),
(65, 'Two of wands วันนี้อาจะความสัมพันธ์ระหว่างสิ่งสองสิ่ง ที่มีเป้าหมายเดียวกัน การร่วมมือทำอะไรบางอย่าง'),
(66, 'Three of wands วันนี้มีอะไรต่ออะไร ปัญหาเรื่องราวค้างคาที่คุณยังต้องสะสางต่ออีกมากเลย มีเรื่องการเติ'),
(67, 'Four of wands วันนี้มีความสำเร็จในระดับต้นหลังจากเริ่มต้นดำเนินการมา งานที่ทำอยู่มีความมั่นคงสูง ประ'),
(68, 'Five of wands วันนี้อารมณ์หงุดหงิด ใจร้อน รุ่มเร้า ร้อนรน กระวนกระวายใจ ความขัดแย้ง ถกเถียงโต้แย้ง เ'),
(69, 'Six of wands ความเพียรพยายามความมุ่งมั่นตั้งใจ แบบค่อยเป็นค่อยไป มีความพิถีพิถัน ละเอียดรอบคอบ ขยันข'),
(70, ' Seven of wands วันนี้อาจจะเผชิญหน้ากับการทดสอบ ประเมิน วัดผล สมัครงาน สอบคัดเลือก ประมูล ชิงดีชิงเด'),
(71, 'Eight of wands วันนี้เป็นวันที่ดีวันนึงเลย จากรากฐานหน้าที่การงาน หรือสิ่งที่ทำตระเตรียมอยู่ก่อนหน้า'),
(72, 'Nine of wands วันนี้อาจจะเกิดปัญหา ยุ่งยาก มีอุปสรรค มีศัตรู ติดขัดโน่นติดขัดนี่ไปหมดไม่คล่องตัวหรือ'),
(73, 'Ten of wands วันนี้อาจจะมีภาระหน้าที่หรือมีเรื่องที่ต้องรับผิดชอบมากมายมากเกินไป เป็นวันที่เหนื่อยหร'),
(74, 'Page of wands อะไรใหม่ๆ มาให้ทำ การเรียนรู้สิ่งใหม่ ๆ มีโอกาสใหม่ๆ แตกต่างจากทุกวัน การแสวงหาความก้า'),
(75, 'Knight of wands วันนี้อาจจะมีการเดินทาง การโยกย้าย เปลี่ยนแปลงอะไรบางอย่าง มีอะไรใหม่ๆ มาให้ทำ มีโอก'),
(76, 'Queen of wands วันนี้อาจจะต้องเกี่ยวข้องหรือต้องคิด คล้ายๆ กับผู้หญิง มีความเป็นผู้นำแต่ก็รู้จักที่จ'),
(77, 'King of wands วันนี้มีเรื่องของคนอื่นๆ รอบตัวอาจเป็นเพื่อน ที่คุณเห็นแล้วอดไม่ได้ที่ต้องเข้าไปช่วยเห');

-- --------------------------------------------------------

--
-- Table structure for table `pokerpredict`
--

CREATE TABLE `pokerpredict` (
  `pploginID` varchar(11) NOT NULL,
  `ppNoOfCard` int(2) NOT NULL,
  `ppdate` date NOT NULL
) ENGINE=InnoDB DEFAULT CHARSET=utf8mb4;

-- --------------------------------------------------------

--
-- Table structure for table `types`
--

CREATE TABLE `types` (
  `typeID` int(1) NOT NULL,
  `typeName` varchar(10) NOT NULL
) ENGINE=InnoDB DEFAULT CHARSET=utf8mb4;

--
-- Dumping data for table `types`
--

INSERT INTO `types` (`typeID`, `typeName`) VALUES
(1, 'อำนาจวาสนา'),
(2, 'โชคลาภเงิน'),
(3, 'ผู้อุปถัมภ'),
(4, 'กาลกิณี');

-- --------------------------------------------------------

--
-- Table structure for table `users`
--

CREATE TABLE `users` (
  `loginID` varchar(11) NOT NULL,
  `password` varchar(20) NOT NULL,
  `email` varchar(30) NOT NULL,
  `username` varchar(10) NOT NULL,
  `dayBirth` int(2) DEFAULT NULL,
  `dayInWeek` varchar(10) DEFAULT NULL,
  `month` varchar(10) DEFAULT NULL,
  `year` int(4) DEFAULT NULL,
  `zodiac` varchar(15) DEFAULT NULL,
  `yearZodiac` varchar(10) DEFAULT NULL
) ENGINE=InnoDB DEFAULT CHARSET=utf8mb4;

--
-- Dumping data for table `users`
--

INSERT INTO `users` (`loginID`, `password`, `email`, `username`, `dayBirth`, `dayInWeek`, `month`, `year`, `zodiac`, `yearZodiac`) VALUES
('name1', 'password1', 'name1@gmail.com', 'name1', 1, 'Sunday', '11', 1999, 'Scorpio', 'Rabbit'),
('name10', 'password10', 'name10@gmail.com', 'name10', 1, 'Saturday', '9', 1999, 'Virgo', 'Rabbit'),
('name100', 'password100', 'name100@gmail.com', 'name100', 1, 'Tuesday', '1', 2000, 'Capricorn', 'Dragon'),
('name11', 'password11', 'name11@gmail.com', 'name11', 1, 'Thursday', '11', 1999, 'Scorpio', 'Rabbit'),
('name12', 'password12', 'name12@gmail.com', 'name12', 1, 'Tuesday', '3', 1999, 'Pisces', 'Rabbit'),
('name13', 'password13', 'name13@gmail.com', 'name13', 1, 'Friday', '10', 1999, 'Libra', 'Rabbit'),
('name14', 'password14', 'name14@gmail.com', 'name14', 1, 'Thursday', '1', 1999, 'Capricorn', 'Rabbit'),
('name15', 'password15', 'name15@gmail.com', 'name15', 1, 'Tuesday', '12', 1999, 'Sagittarius', 'Rabbit'),
('name16', 'password16', 'name16@gmail.com', 'name16', 1, 'Wednesday', '1', 1999, 'Capricorn', 'Rabbit'),
('name17', 'password17', 'name17@gmail.com', 'name17', 1, 'Monday', '4', 1999, 'Aries', 'Rabbit'),
('name18', 'password18', 'name18@gmail.com', 'name18', 1, 'Friday', '8', 1999, 'Leo', 'Rabbit'),
('name19', 'password19', 'name19@gmail.com', 'name19', 1, 'Monday', '5', 1999, 'Taurus', 'Rabbit'),
('name2', 'password2', 'name2@gmail.com', 'name2', 1, 'Wednesday', '1', 1999, 'Capricorn', 'Rabbit'),
('name20', 'password20', 'name20@gmail.com', 'name20', 1, 'Monday', '10', 1999, 'Libra', 'Rabbit'),
('name21', 'password21', 'name21@gmail.com', 'name21', 1, 'Friday', '11', 1999, 'Scorpio', 'Rabbit'),
('name22', 'password22', 'name22@gmail.com', 'name22', 1, 'Monday', '3', 1999, 'Pisces', 'Rabbit'),
('name23', 'password23', 'name23@gmail.com', 'name23', 1, 'Saturday', '3', 1999, 'Pisces', 'Rabbit'),
('name24', 'password24', 'name24@gmail.com', 'name24', 1, 'Friday', '6', 1999, 'Gemini', 'Rabbit'),
('name25', 'password25', 'name25@gmail.com', 'name25', 1, 'Tuesday', '10', 1999, 'Libra', 'Rabbit'),
('name26', 'password26', 'name26@gmail.com', 'name26', 1, 'Friday', '10', 1999, 'Libra', 'Rabbit'),
('name27', 'password27', 'name27@gmail.com', 'name27', 1, 'Friday', '10', 1999, 'Libra', 'Rabbit'),
('name28', 'password28', 'name28@gmail.com', 'name28', 1, 'Sunday', '8', 1999, 'Leo', 'Rabbit'),
('name29', 'password29', 'name29@gmail.com', 'name29', 1, 'Tuesday', '4', 1999, 'Aries', 'Rabbit'),
('name3', 'password3', 'name3@gmail.com', 'name3', 1, 'Friday', '8', 1999, 'Leo', 'Rabbit'),
('name30', 'password30', 'name30@gmail.com', 'name30', 1, 'Wednesday', '9', 1999, 'Virgo', 'Rabbit'),
('name31', 'password31', 'name31@gmail.com', 'name31', 1, 'Sunday', '8', 1999, 'Leo', 'Rabbit'),
('name32', 'password32', 'name32@gmail.com', 'name32', 1, 'Wednesday', '6', 1999, 'Gemini', 'Rabbit'),
('name33', 'password33', 'name33@gmail.com', 'name33', 1, 'Monday', '11', 1999, 'Scorpio', 'Rabbit'),
('name34', 'password34', 'name34@gmail.com', 'name34', 1, 'Saturday', '6', 1999, 'Gemini', 'Rabbit'),
('name35', 'password35', 'name35@gmail.com', 'name35', 1, 'Monday', '7', 1999, 'Cancer', 'Rabbit'),
('name36', 'password36', 'name36@gmail.com', 'name36', 1, 'Thursday', '6', 1999, 'Gemini', 'Rabbit'),
('name37', 'password37', 'name37@gmail.com', 'name37', 1, 'Tuesday', '9', 1999, 'Virgo', 'Rabbit'),
('name38', 'password38', 'name38@gmail.com', 'name38', 1, 'Friday', '9', 1999, 'Virgo', 'Rabbit'),
('name39', 'password39', 'name39@gmail.com', 'name39', 1, 'Tuesday', '10', 1999, 'Libra', 'Rabbit'),
('name4', 'password4', 'name4@gmail.com', 'name4', 1, 'Friday', '5', 1999, 'Taurus', 'Rabbit'),
('name40', 'password40', 'name40@gmail.com', 'name40', 1, 'Monday', '3', 1999, 'Pisces', 'Rabbit'),
('name41', 'password41', 'name41@gmail.com', 'name41', 1, 'Thursday', '6', 1999, 'Gemini', 'Rabbit'),
('name42', 'password42', 'name42@gmail.com', 'name42', 1, 'Sunday', '2', 1999, 'Aquarius', 'Rabbit'),
('name43', 'password43', 'name43@gmail.com', 'name43', 1, 'Saturday', '7', 1999, 'Cancer', 'Rabbit'),
('name44', 'password44', 'name44@gmail.com', 'name44', 1, 'Thursday', '3', 1999, 'Pisces', 'Rabbit'),
('name45', 'password45', 'name45@gmail.com', 'name45', 1, 'Monday', '2', 1999, 'Aquarius', 'Rabbit'),
('name46', 'password46', 'name46@gmail.com', 'name46', 1, 'Monday', '9', 1999, 'Virgo', 'Rabbit'),
('name47', 'password47', 'name47@gmail.com', 'name47', 1, 'Friday', '1', 1999, 'Capricorn', 'Rabbit'),
('name48', 'password48', 'name48@gmail.com', 'name48', 1, 'Saturday', '10', 1999, 'Libra', 'Rabbit'),
('name49', 'password49', 'name49@gmail.com', 'name49', 1, 'Monday', '3', 1999, 'Pisces', 'Rabbit'),
('name5', 'password5', 'name5@gmail.com', 'name5', 1, 'Sunday', '6', 1999, 'Gemini', 'Rabbit'),
('name50', 'password50', 'name50@gmail.com', 'name50', 1, 'Thursday', '4', 1999, 'Aries', 'Rabbit'),
('name51', 'password51', 'name51@gmail.com', 'name51', 1, 'Friday', '6', 2000, 'Gemini', 'Dragon'),
('name52', 'password52', 'name52@gmail.com', 'name52', 1, 'Monday', '5', 2000, 'Taurus', 'Dragon'),
('name53', 'password53', 'name53@gmail.com', 'name53', 1, 'Wednesday', '12', 2000, 'Sagittarius', 'Dragon'),
('name54', 'password54', 'name54@gmail.com', 'name54', 1, 'Saturday', '2', 2000, 'Aquarius', 'Dragon'),
('name55', 'password55', 'name55@gmail.com', 'name55', 1, 'Sunday', '5', 2000, 'Taurus', 'Dragon'),
('name56', 'password56', 'name56@gmail.com', 'name56', 1, 'Wednesday', '7', 2000, 'Cancer', 'Dragon'),
('name57', 'password57', 'name57@gmail.com', 'name57', 1, 'Wednesday', '10', 2000, 'Libra', 'Dragon'),
('name58', 'password58', 'name58@gmail.com', 'name58', 1, 'Friday', '9', 2000, 'Virgo', 'Dragon'),
('name59', 'password59', 'name59@gmail.com', 'name59', 1, 'Monday', '9', 2000, 'Virgo', 'Dragon'),
('name6', 'password6', 'name6@gmail.com', 'name6', 1, 'Thursday', '4', 1999, 'Aries', 'Rabbit'),
('name60', 'password60', 'name60@gmail.com', 'name60', 1, 'Saturday', '2', 2000, 'Aquarius', 'Dragon'),
('name61', 'password61', 'name61@gmail.com', 'name61', 1, 'Sunday', '6', 2000, 'Gemini', 'Dragon'),
('name62', 'password62', 'name62@gmail.com', 'name62', 1, 'Sunday', '12', 2000, 'Sagittarius', 'Dragon'),
('name63', 'password63', 'name63@gmail.com', 'name63', 1, 'Wednesday', '7', 2000, 'Cancer', 'Dragon'),
('name64', 'password64', 'name64@gmail.com', 'name64', 1, 'Saturday', '6', 2000, 'Gemini', 'Dragon'),
('name65', 'password65', 'name65@gmail.com', 'name65', 1, 'Thursday', '4', 2000, 'Aries', 'Dragon'),
('name66', 'password66', 'name66@gmail.com', 'name66', 1, 'Monday', '4', 2000, 'Aries', 'Dragon'),
('name67', 'password67', 'name67@gmail.com', 'name67', 1, 'Thursday', '3', 2000, 'Pisces', 'Dragon'),
('name68', 'password68', 'name68@gmail.com', 'name68', 1, 'Sunday', '11', 2000, 'Scorpio', 'Dragon'),
('name69', 'password69', 'name69@gmail.com', 'name69', 1, 'Wednesday', '12', 2000, 'Sagittarius', 'Dragon'),
('name7', 'password7', 'name7@gmail.com', 'name7', 1, 'Thursday', '6', 1999, 'Gemini', 'Rabbit'),
('name70', 'password70', 'name70@gmail.com', 'name70', 1, 'Saturday', '3', 2000, 'Pisces', 'Dragon'),
('name71', 'password71', 'name71@gmail.com', 'name71', 1, 'Friday', '2', 2000, 'Aquarius', 'Dragon'),
('name72', 'password72', 'name72@gmail.com', 'name72', 1, 'Sunday', '6', 2000, 'Gemini', 'Dragon'),
('name73', 'password73', 'name73@gmail.com', 'name73', 1, 'Sunday', '8', 2000, 'Leo', 'Dragon'),
('name74', 'password74', 'name74@gmail.com', 'name74', 1, 'Saturday', '3', 2000, 'Pisces', 'Dragon'),
('name75', 'password75', 'name75@gmail.com', 'name75', 1, 'Thursday', '12', 2000, 'Sagittarius', 'Dragon'),
('name76', 'password76', 'name76@gmail.com', 'name76', 1, 'Thursday', '4', 2000, 'Aries', 'Dragon'),
('name77', 'password77', 'name77@gmail.com', 'name77', 1, 'Thursday', '7', 2000, 'Cancer', 'Dragon'),
('name78', 'password78', 'name78@gmail.com', 'name78', 1, 'Monday', '2', 2000, 'Aquarius', 'Dragon'),
('name79', 'password79', 'name79@gmail.com', 'name79', 1, 'Sunday', '10', 2000, 'Libra', 'Dragon'),
('name8', 'password8', 'name8@gmail.com', 'name8', 1, 'Monday', '1', 1999, 'Capricorn', 'Rabbit'),
('name80', 'password80', 'name80@gmail.com', 'name80', 1, 'Thursday', '4', 2000, 'Aries', 'Dragon'),
('name81', 'password81', 'name81@gmail.com', 'name81', 1, 'Friday', '10', 2000, 'Libra', 'Dragon'),
('name82', 'password82', 'name82@gmail.com', 'name82', 1, 'Sunday', '12', 2000, 'Sagittarius', 'Dragon'),
('name83', 'password83', 'name83@gmail.com', 'name83', 1, 'Wednesday', '12', 2000, 'Sagittarius', 'Dragon'),
('name84', 'password84', 'name84@gmail.com', 'name84', 1, 'Monday', '12', 2000, 'Sagittarius', 'Dragon'),
('name85', 'password85', 'name85@gmail.com', 'name85', 1, 'Wednesday', '2', 2000, 'Aquarius', 'Dragon'),
('name86', 'password86', 'name86@gmail.com', 'name86', 1, 'Sunday', '2', 2000, 'Aquarius', 'Dragon'),
('name87', 'password87', 'name87@gmail.com', 'name87', 1, 'Tuesday', '7', 2000, 'Cancer', 'Dragon'),
('name88', 'password88', 'name88@gmail.com', 'name88', 1, 'Thursday', '4', 2000, 'Aries', 'Dragon'),
('name89', 'password89', 'name89@gmail.com', 'name89', 1, 'Wednesday', '2', 2000, 'Aquarius', 'Dragon'),
('name9', 'password9', 'name9@gmail.com', 'name9', 1, 'Monday', '8', 1999, 'Leo', 'Rabbit'),
('name90', 'password90', 'name90@gmail.com', 'name90', 1, 'Sunday', '8', 2000, 'Leo', 'Dragon'),
('name91', 'password91', 'name91@gmail.com', 'name91', 1, 'Thursday', '4', 2000, 'Aries', 'Dragon'),
('name92', 'password92', 'name92@gmail.com', 'name92', 1, 'Monday', '9', 2000, 'Virgo', 'Dragon'),
('name93', 'password93', 'name93@gmail.com', 'name93', 1, 'Sunday', '1', 2000, 'Capricorn', 'Dragon'),
('name94', 'password94', 'name94@gmail.com', 'name94', 1, 'Tuesday', '7', 2000, 'Cancer', 'Dragon'),
('name95', 'password95', 'name95@gmail.com', 'name95', 1, 'Friday', '6', 2000, 'Gemini', 'Dragon'),
('name96', 'password96', 'name96@gmail.com', 'name96', 1, 'Tuesday', '10', 2000, 'Libra', 'Dragon'),
('name97', 'password97', 'name97@gmail.com', 'name97', 1, 'Tuesday', '9', 2000, 'Virgo', 'Dragon'),
('name98', 'password98', 'name98@gmail.com', 'name98', 1, 'Monday', '11', 2000, 'Scorpio', 'Dragon'),
('name99', 'password99', 'name99@gmail.com', 'name99', 1, 'Friday', '11', 2000, 'Scorpio', 'Dragon');

-- --------------------------------------------------------

--
-- Table structure for table `year`
--

CREATE TABLE `year` (
  `yName` varchar(10) NOT NULL,
  `yYear` int(4) NOT NULL,
  `yearDescription` varchar(500) NOT NULL
) ENGINE=InnoDB DEFAULT CHARSET=utf8mb4;

--
-- Dumping data for table `year`
--

INSERT INTO `year` (`yName`, `yYear`, `yearDescription`) VALUES
('Cow', 2019, 'พายุแห่งเคราะห์กำลังจะหายไป สิ่งต่างๆ จะดีขึ้น ชีวิตรักในปีนี้จะราบเรียบ หากคุณโสดอยู่และอยากออกเดท ให้ลองพบผู้คนใหม่ๆ และเมื่อได้ทำความรู้จักกัน สายตาอันเฉียบคมของคุณก็อาจค้นพบสิ่งดีๆ ปีนี้จะเป็นปีแห่งความราบรื่นในเรื่องอาชีพการงาน คุณจะทำงานได้อย่างมีประสิทธิภาพ แสดงให้เห็นถึงพรสวรรค์ และความเป็นผู้นำ ผู้คนอื่นๆ จะสังเกตเห็นความดีงามของคุณได้อย่างง่ายดาย ในปีนี้คุณจะประสบความสำเร็จในอัตราสูงสำหรับความสัมพันธ์ทางธุรกิจและคุณจะมีโครงการดีๆ'),
('Cow', 2020, 'ในปี 2020 นักษัตรปีฉลูจะค่อนข้างอยู่ในทิศทางบวก เพราะหลายๆ อย่างเป็นไปในทางที่ดี มีคนพร้อมให้ความช่วยเหลือรอบด้าน อย่ากลัวที่จะพุ่งสู่เป้าหมาย เพราะคุณมีเกณฑ์ที่จะได้รับกำลังเสริมที่ดี จงเป็นคนอารมณ์ดีสม่ำเสมอ เพราะคุณจะได้ใช้โอกาสต่างๆ ที่จะเข้ามาอย่างเต็มกำลัง'),
('Dog', 2019, 'ฝนที่เย็นฉ่ำเยียวยาความแห้งแล้ง สิ่งใหม่ๆ เข้ามาแทนสิ่งเก่า ขณะใช้ชีวิตโสด คุณมักจะต้องทนเห็นเพื่อนๆ สนุกสนานร่าเริงกับการมีความสัมพันธ์ คุณมีความต้องการอย่างแรงกล้าในการออกเดท แต่ก็ยังไม่เจอคนที่ใช่เสียที โอกาสในการทำสิ่งดีๆ ในอาชีพการงานมาถึงแล้ว แค่ทำงานให้หนัก การได้เลื่อนตำแหน่งและปรับเงินเดือนก็จะรอคอยคุณอยู่ คุณจะได้รับงานมอบหมายใหม่ เมื่อเป็นเรื่องของการหาเงิน คุณมักจะพูดมากกว่าลงมือทำ ลาภลอยอาจเกิดขึ้นนานๆ ครั้ง หากคุณต้องการหาเงินได้เต็มกระเป๋า การทำงานให้หนักขึ้นก็นับเป็นวิธีที่เป็นไป'),
('Dog', 2020, 'อะไรก็ตามที่คุณสนใจและตั้งใจทำมีเกณฑ์จะกลายเป็นจริง บางครั้งโอกาสก็อยู่รอบๆ ตัวเราแค่เพียงเรามองหามัน อย่ากลัวกับการที่จะขยายใน Social network ของคุณ พยายามทำสิ่งใหม่ๆ เจอคนใหม่ๆ คุณอาจจะได้เจอกับหนทางที่จะพัฒนาและเติบโตในหลายพื้นที่ที่คุณคาดไม่ถึง หากคุณเปิดโอกาสให้มัน'),
('Dragon', 2019, 'สัญญาณรักดูจะอ่อนแรงในปีนี้ ความกระหายที่รุนแรงในชีวิตโสดจะยังไม่พบพานความสำเร็จ หากคุณไปนัดบอดด้วยเป้าหมายของการแต่งงาน คุณอาจได้พบกับคู่เดทแย่ๆ หลีกเลี่ยงการออกเดทกับคนที่เกิดในปีจอและปีฉลู หากคุณมีคนรักอยู่แล้ว และเอาแต่ใช้ชีวิตแบบโลกส่วนตัวสูง คนรักอาจรู้สึกถูกละเลย ในปีนี้คุณจะได้เรียนรู้ทักษะเพิ่มขึ้นทีละนิดๆ หากต้องการมุ่งมั่นแข่งขัน ให้เพิ่มพูนทักษะความสามารถทีละนิดละหน่อย ซึ่งจะเป็นวิธีที่มีประสิทธิภาพมากที่สุด เทพเจ้าแห่งความมั่งคั่งจะปกปักรักษาคุณในปีนี้ คุณจะสามารถหาเงินได้มากขึ้น เส'),
('Dragon', 2020, 'สิ่งดีๆ จะเข้ามาสำหรับผู้ที่รอ ซึ่งเป็นผู้ที่เกิดปีมะโรงในปี 2020 จริงแท้ที่สุด คุณจะได้รับโอกาสที่มากมายกับการเพิ่มความมั่งคั่งให้กับตัวเอง ความอดทนเป็นสิ่งที่ขาดไม่ได้ มันค่อนข้างที่จะให้เวลาเพื่อให้ผลกำไรงอกเงย การไม่อดทนหรือการเร่ง จะทำให้คุณสูญเสียทุกอย่างซะมากกว่า'),
('Goat', 2019, 'ความสำเร็จและสิ่งดีๆ ที่เข้ามาไม่หยุด นี่คือปีที่สุดยอดในด้านชีวิตรัก ความรักจะอยู่รอบตัว หากคุณยังโสดอยู่ คุณจะมีโอกาสได้พบเพศตรงข้ามที่เข้ากันได้ ปีนี้เป็นปีแห่งการลงหลักปักฐาน ยังไม่ใช่ช่วงเวลาแห่งการก้าวไปข้างหน้าอย่างรวดเร็ว ดังนั้นจงใจเย็นและเรียนรู้ การพักผ่อนถือเป็นเรื่องสำคัญ คุณไม่สามารถบรรลุสิ่งที่หวังทุกอย่างได้ในความพยายามครั้งแรก คุณมีโชคในเรื่องความรัก แต่เรื่องโชคลาภในการเสี่ยงดวงและพนันก็ดีไม่แพ้กัน ปีนี้จะเป็นปีแห่งความมั่งคั่ง โชคลาภแบบไม่มีปี่มีขลุ่ยจะบังเกิดกับคุณและมอบเงินท'),
('Goat', 2020, 'ในปีหนูทองนี้จะเป็นปีที่มีทั้งขาขึ้นและขาลง สลับกันไปตลอดทั้งปีต่อให้อะไรๆ ไม่เป็นไปอย่างที่คิด จงอย่าหยุดศรัทธาว่า ท้ายที่สุดแล้วมันจะต้องดีขึ้น ไม่ว่าคุณจะรู้สึกอย่างไรกับสถานการณ์ในชีวิต พยายามมองความเป็นจริงที่เกิดขึ้นให้มากกว่าการใช้ความรู้สึก และอย่าลืมที่จะขอบคุณทุกสิ่งทุกอย่างที่คุณมี'),
('Horse', 2019, 'งมเข็มในมหาสมุทรด้วยหยาดเหงื่อและแรงกาย ชีวิตรักของคุณจะมีจุดพลิกผัน หากคุณโสดและมีความปรารถนาอย่างแรงกล้าที่จะตามหาความรัก คุณจะได้พบคู่เดทที่คุณอยากสานสัมพันธ์ต่อ แต่เส้นทางความรักอาจไม่ได้โรยด้วยกลีบกุหลาบ หากคุณแต่งงานแล้ว แต่ไม่ได้ให้เวลาและความรักกับครอบครัวมากนักเพราะงานที่ยุ่ง ชีวิตแต่งงานอาจย่ำแย่ได้ง่ายๆ ในการทำงาน หลายๆ สิ่งอาจปรากฏขึ้นโดยที่คุณไม่ได้คาดคิด คุณจึงต้องตั้งสติ ปกป้องสิ่งที่คุณมีอยู่แล้ว ชีวิตด้านการเงินของคุณจะเป็นไปได้ด้วยดีมากกว่าการงาน เงินเดือนที่ได้รับจะมีความมั่นค'),
('Horse', 2020, 'ไม่ต้องแปลกใจเลย ถ้าจะมีการเปลี่ยนแปลงที่ยิ่งใหญ่เกิดขึ้นในปี 2020 สำหรับคนที่เกิดปีนักษัตรมะเมีย มันอาจฟังดูไม่นิ่ง มันอาจดูไม่สงบ แต่บางครั้งการเปลี่ยนแปลงก็เป็นส่วนสำคัญของชีวิต และท้ายที่สุดอาจจะนำคุณไปถึงทุ่งหญ้าสีเขียวได้  โดยเฉพาะในช่วงเวลานี้ให้คุณหมั่นสวดมนต์ ขอพร และย้ำเตือนปณิธานของตนตลอดเวลา'),
('Monkey', 2019, 'งานหนักขึ้นสองเท่าแต่ผลตอบแทนเพียงครึ่งเดียว ได้อย่างเสียอย่าง ชีวิตรักของคุณจะหม่นหมองเล็กน้อย สีสันในความรักจะเกิดขึ้นเพียงครั้งราว คุณมีโอกาสในการพบเพื่อนต่างเพศใหม่ๆ หากหวังที่จะออกเดทแบบไม่จริงจัง คุณอาจพบปัญหากับความสัมพันธ์ในอนาคต และเพราะความใจเย็น มีเหตุผล และไร้กังวลเรื่องการแพ้ชนะจะช่วยให้คุณอนาคตอันมืดหม่นไปได้ คุณมักจะตัดสินใจผิดๆ เมื่อมีผู้อื่นเข้ามาเกี่ยวข้อง และลงเอยด้วยการต้องลงแรงทำงานหนัก แต่กลับต้องถูกกล่าวโทษ การเงินข้อคุณมั่นคง ไม่มีเรื่องเซอร์ไพรส์หรืออุปสรรค์ใหญ่หลวงใดๆ ห'),
('Monkey', 2020, 'ชีวิตนั้นเปรียบเสมือนการหมุนของวงล้อ บางครั้งก็อยู่ในจุดที่ต่ำที่สุดก็เหมือนกับการเปลี่ยนแปลงของชีวิตที่มีอยู่ตลอดเวลาให้จำไว้เสมอว่าไม่มีอะไรจีรังยั่งยืน ทั้งกับเรื่องดีและไม่ดีที่เกิดขึ้น ในมุมของแผนการใหญ่ของคุณให้มองว่าปีนี้ก็เป็นแค่บทหนึ่งของชีวิตเท่านั้น และมันจะไม่ได้เป็นแบบนั้นตลอดไปหรอก'),
('Pig', 2019, 'ใช้สมาธิ รอช่วงเวลาที่เหมาะสม ปีนี้อาจยังไม่ใช่ช่วงเวลาที่เหมาะสมสำหรับความรัก หากยังโสดอยู่ คุณอาจรู้สึกโดดเดี่ยวและว่างเปล่า แต่ก็ยังไม่ถือว่าจนตรอกเรื่องความรัก หากแต่งงานแล้ว คุณจะประสบปัญหาในชีวิตคู่ซ้ำแล้วซ้ำเล่า คุณต้องมีความเด็ดเดี่ยวกล้าหาญเมื่อเป็นเรื่องงาน คู่แข่งจะทำให้คุณไม่ได้พักผ่อน มีเพียงการพัฒนาตนเองอย่างไม่หยุดนิ่งเท่านั้นที่จะช่วยให้คุณยืนหยัดอยู่ในการแข่งขันที่ท้าทายได้ คุณจะมีความมั่งคั่งท่ามกลางอุปสรรคทั้งหลาย ตราบใดที่คุณมองหาความก้าวหน้าอยู่เสมอ ความพยายามของคุณจะได้รับผ'),
('Pig', 2020, 'หากคุณกำลังกังวลอะไรสักอย่างที่คุณไม่อยากให้เกิดกับคุณ นั้นเท่ากับทำให้ตัวเองร้าวรานเป็นสองเท่า จิตของพวกเราคือศัตรูที่ร้ายกาจที่สุด และพวกมันสามารถทำให้ปัญหาที่เผชิญอยู่นั้นยิ่งใหญ่เกินจริงได้ อย่าเพ่งเล็งปัญหาในที่ที่ไม่มีปัญหา มองสถานการณ์แค่เท่าที่มันเป็น ดีกว่ามองว่า อาจจะเป็นอย่างไร'),
('Rabbit', 2019, 'ความสุขอยู่ทุกหนทุกแห่งในชีวิต กามเทพเป็นใจให้คุณในปีนี้ ชีวิตรักจะเต็มไปด้วยเรื่องน่าประหลาดใจ หากคุณโสดอยู่ ผู้คนจะเข้ามาติดต่อสร้างสัมพันธ์ ดึงดูดคุณ และทำให้คุณรู้สึกเหมือนอยู่บนสวรรค์ชั้นเจ็ด หากคุณพบเพศตรงข้ามที่เข้ากันได้ ให้คว้าโอกาสนี้ไว้และอย่าลังเล อาชีพการงานของคุณก้าวหน้าขึ้นอย่างมั่นคงสู่อนาคตอันสดใส หากคุณตั้งเป้าหมายและวางแผนที่อยากจะบรรลุ ไม่มีสิ่งใดที่จะหยุดยั้งคุณจากการเดินหน้าต่อไปได้ นี่คงจะเป็นข่าวดีที่สุดสำหรับคุณผู้พยายามทำงานหนักเพื่อความก้าวหน้ามาโดยตลอด การเงินของคุณจะ'),
('Rabbit', 2020, 'ในปี 2020 ของปีเถาะคือเรื่องความสัมพันธ์ ไม่ว่าเป็นเป็นในที่ทำงานหรือเรื่องส่วนตัวจะมีเกณฑ์ที่เกิดการปรับเปลี่ยนของสัมพันธภาพ ในปีนี้มีเกณฑ์ได้เจอความสัมพันธ์ใหม่ๆ หรือความสัมพันธ์เดิมจะแน่นแฟ้นยิ่งขึ้น การที่คุณจะวางตัวเป็นศูนย์กลางจึงอาจจะนำพามาซึ่งการทะเลาะเบาะแว้ง'),
('Rat', 2019, 'ทุกอย่างราบรื่น สิ่งดีๆกำลังจะเข้ามาจากทุกทิศทุกทาง กามเทพกำลังจะแผลงศร ให้โอกาสตัวเองในการสัมผัสรักแรกพบ เสน่ห์ของคุณกำลังพุ่งถึงขีดสุดในปีกุนนี้ คุณมีโอกาสที่จะได้แสดงพรสวรรค์ต่อหน้าเพศตรงข้าม คุณอาจจะอยากพักผ่อนและเพลิดเพลินกับผลตอบแทนจากความพยายามในอดีต สภาพการเงินของคุณจะยังไม่มีอะไรเปลี่ยนแปลงมาก แม้รายได้จะมีความมั่นคงแต่คุณต้องระมัดระวังเรื่องการลงทุนและบริหารเงิน อย่าเชื่อใจคนอื่นมากเกินไป และอย่าลงทุนโดยอิงจากสิ่งที่คุณได้ยินมาจากคนอื่น'),
('Rat', 2020, 'ปีนี้จะเป็นปีที่ชีวิตคุณจะดีขึ้น ทุกสายตาจะจับจ้องมาที่คุณและสิ่งที่คุณตั้งใจทำใหม่ในปีนี้จะนิยามให้คุณเองว่าปี 2020 จะเป็นอย่างไร ดังนั้นอย่ากลัวที่จะเผยตัวออกมาและพยายามให้มาก เท่ากับความทะเยอทะยานของคุณและความสำเร็จจะเป็นของคุณ หากคุณพร้อมที่จะรับมือกับความรับผิดชอบต่างๆ ที่เข้ามาด้วย'),
('Rooster', 2019, ' ชีวิตราบรื่นในปีแห่งการพักผ่อนหย่อนใจ หากคุณอยากออกเดทในปีนี้ สิ่งสำคัญคือการรอคอยและระมัดระวัง หากคุณได้พบคนที่คุณชอบและอยากสานสัมพันธ์ คุณจะต้องใช้เวลาเริ่มต้นจากการเป็นเพื่อน คุณยังไม่มุ่งมั่นมากพอในเรื่องความก้าวหน้า และคุณก็ยังเพลิดเพลินกับชีวิตสบายๆ ในปัจจุบัน เมื่อเห็นคนอื่นๆ ทำได้ดี คุณก็อาจรู้สึกอิจฉาบ้างเป็นบางครั้ง และก็พยายามจะทำงานหนักเพื่อความก้าวหน้ามากขึ้น แต่เป็นเพียงแค่ช่วงเวลาสั้นๆ เท่านั้น เป็นเรื่องยากสำหรับคุณในการพยายามอย่างแนวแน่ในช่วงนี้ ประตูแห่งโชคลาภเปิดรับคุณในปีนี้'),
('Rooster', 2020, 'ก้าวไปข้างหน้าเป็นชื่อเกมส์ของชาวระกาในปี 2020 เพราะมันมีตัวกระตุ้นที่จะนำพาคุณไปข้างหน้าได้ หากคุณอยากประสบความสำเร็จในเป้าหมาย คุณต้องตั้งใจอย่างหนักแน่นในการลงมือทำ นอกเหนือจากความพยายาม หัวใจหลักอีกอย่างคือความสม่ำเสมอ ขอให้จำไว้ว่าอะไรก็ตามที่คุณอยากสำเร็จและทุกอย่างก้าวบนเส้นทางนี้จะนำคุณเข้าใกล้เป้าหมายเสมอ หากคุณไม่นอกลู่นอกทาง'),
('Snake', 2019, 'เคยรู้สึกไหมว่าไม่มีใครเข้าใจคุณ งูผู้โดดเดี่ยว คุณมีเพื่อนต่างเพศมากมายแต่ไม่มีใครที่ถูกใจคุณเลย คุณอยากมีคนพิเศษอยู่เสมอ  แม้ว่าโชคชะตาโดยรวมจะดูไม่สดใสนัก แต่อาชีพการงานของคุณยังคงไปได้ดี เพื่อนร่วมงานจะเล็งเห็นถึงความสามารถของคุณ เราขอแนะนำว่าอย่าทำสิ่งต่างๆ เพียงลำพังโดยไม่ขอความช่วยเหลือจากผู้อื่น แต่คุณก็ไม่จำเป็นต้องร่วมมือกันคนอื่นๆ การทำงานเป็นทีมอาจทำให้คุณรู้สึกกังวล การเงินของคุณจะขึ้นๆ ลงๆ ในปีนี้ คุณอาจมีค่าใช้จ่ายที่ไม่คาดคิด เช่น ของขวัญวันแต่งงานของเพื่อนๆ หรือการเลี้ยงอาหารผู้'),
('Snake', 2020, 'หลังจากที่ผ่านความหลอกหลอนจากการเปลี่ยนแปลงและความไม่แน่นอนมาตลอดปี 2019 ในปี 2020 นี้ทุกอย่างจะเริ่มบรรเทาลง ในขณะสิ่งที่แย่ที่สุดได้จบลงไป แต่มันก็ยังไม่จบลงสักทีเดียว แต่มันก็ยังไม่จบลงสักทีเดียว คุณยังต้องไม่เผยตัวมากนักและอย่านำชื่อเสียงไปเสี่ยง ในขณะที่ยังมีปัญหาแต่สามารถได้รับการแก้ไขได้ด้วยความช่วยเหลือจากคนรักของคุณ'),
('Tiger', 2019, 'ถนนที่มีพายุกระหน่ำ มีทั้งสิ่งดีๆ และสิ่งที่ไม่ดีที่อาจส่งผลกระทบต่อเส้นทางของคุณ คุณอาจต้องใช้ความพยายามกับชีวิตรักมากขึ้นอีกเล็กน้อยในปีนี้ โปรดใช้เวลาทำความเข้าใจอีกฝ่ายมากขึ้น หากคุณเป็นโสดและกำลังออกเดทอยู่ คุณมีโอกาสที่จะได้แต่งงาน ปีนี้จะเป็นปีที่ยุ่งมาก หากคุณไม่ทุ่มเททำงานหนัก ทุกสิ่งก็อาจจะดิ่งลงเหว ใครบางคนในที่ทำงานอาจแทงข้างหลัง ดังนั้นโปรดจงระวัง อย่าปล่อยให้ตัวเองต้องท่วมท้นด้วยความกังวล การเงินของคุณจะแห้งเหี่ยว คุณอาจสูญเสียสิ่งต่างๆ ไปได้ง่ายๆ ในขณะทำสิ่งต่างๆ ดังนั้นโปรดเก็บรั'),
('Tiger', 2020, 'จัดกระเป๋าเลย เพราะคุณมีเกณฑ์ที่จะได้ท่ออยู่รอบตัวคุณ จงหัดให้ตัวเองเป็น นักตอบ “ตกลง” ทุกการเดินทางที่จะมีเข้ามา เพราะมันจะนำคุณไปสู่การพัฒนาตนเองในด้านความรู้, การเงิน, ความมั่งคั่ง ทั้งนี้คุณควรโฟกัสที่เป้าหมายของคุณและจำไว้เสมอว่า ต้องดูแลสุขภาพทั้งกายและใจให้ดีที่สุด');

-- --------------------------------------------------------

--
-- Table structure for table `yearpredict`
--

CREATE TABLE `yearpredict` (
  `ypLoginID` varchar(11) NOT NULL,
  `ypName` varchar(10) NOT NULL,
  `ypYear` int(4) NOT NULL,
  `date` date NOT NULL
) ENGINE=InnoDB DEFAULT CHARSET=utf8mb4;

--
-- Indexes for dumped tables
--

--
-- Indexes for table `color`
--
ALTER TABLE `color`
  ADD PRIMARY KEY (`cName`,`cDayinWeek`,`cYear`,`cTypeID`),
  ADD KEY `cTypeID` (`cTypeID`);

--
-- Indexes for table `colorpredict`
--
ALTER TABLE `colorpredict`
  ADD PRIMARY KEY (`cpName`,`cpDayinWeek`,`cpYear`,`cpLoginID`),
  ADD KEY `cpLoginID` (`cpLoginID`);

--
-- Indexes for table `day`
--
ALTER TABLE `day`
  ADD PRIMARY KEY (`dDayInWeek`);

--
-- Indexes for table `daypredict`
--
ALTER TABLE `daypredict`
  ADD PRIMARY KEY (`dpLoginID`,`dpDayInWeek`),
  ADD KEY `dpDayInWeek` (`dpDayInWeek`);

--
-- Indexes for table `month`
--
ALTER TABLE `month`
  ADD PRIMARY KEY (`mZodiac`,`mMonth`);

--
-- Indexes for table `monthpredict`
--
ALTER TABLE `monthpredict`
  ADD PRIMARY KEY (`mpLoginID`,`mpZodiac`,`mpMonth`),
  ADD KEY `mpZodiac` (`mpZodiac`,`mpMonth`);

--
-- Indexes for table `pokercard`
--
ALTER TABLE `pokercard`
  ADD PRIMARY KEY (`pNoOfCard`);

--
-- Indexes for table `pokerpredict`
--
ALTER TABLE `pokerpredict`
  ADD PRIMARY KEY (`pploginID`,`ppNoOfCard`),
  ADD KEY `ppNoOfCard` (`ppNoOfCard`);

--
-- Indexes for table `types`
--
ALTER TABLE `types`
  ADD PRIMARY KEY (`typeID`);

--
-- Indexes for table `users`
--
ALTER TABLE `users`
  ADD PRIMARY KEY (`loginID`);

--
-- Indexes for table `year`
--
ALTER TABLE `year`
  ADD PRIMARY KEY (`yName`,`yYear`);

--
-- Indexes for table `yearpredict`
--
ALTER TABLE `yearpredict`
  ADD PRIMARY KEY (`ypLoginID`,`ypName`,`ypYear`),
  ADD KEY `ypName` (`ypName`,`ypYear`);

--
-- Constraints for dumped tables
--

--
-- Constraints for table `color`
--
ALTER TABLE `color`
  ADD CONSTRAINT `color_ibfk_2` FOREIGN KEY (`cTypeID`) REFERENCES `types` (`typeID`);

--
-- Constraints for table `colorpredict`
--
ALTER TABLE `colorpredict`
  ADD CONSTRAINT `colorpredict_ibfk_1` FOREIGN KEY (`cpLoginID`) REFERENCES `users` (`loginID`),
  ADD CONSTRAINT `colorpredict_ibfk_2` FOREIGN KEY (`cpName`,`cpDayinWeek`,`cpYear`) REFERENCES `color` (`cName`, `cDayinWeek`, `cYear`);

--
-- Constraints for table `daypredict`
--
ALTER TABLE `daypredict`
  ADD CONSTRAINT `daypredict_ibfk_1` FOREIGN KEY (`dpLoginID`) REFERENCES `users` (`loginID`),
  ADD CONSTRAINT `daypredict_ibfk_2` FOREIGN KEY (`dpDayInWeek`) REFERENCES `day` (`dDayInWeek`);

--
-- Constraints for table `monthpredict`
--
ALTER TABLE `monthpredict`
  ADD CONSTRAINT `monthpredict_ibfk_1` FOREIGN KEY (`mpLoginID`) REFERENCES `users` (`loginID`),
  ADD CONSTRAINT `monthpredict_ibfk_2` FOREIGN KEY (`mpZodiac`,`mpMonth`) REFERENCES `month` (`mZodiac`, `mMonth`);

--
-- Constraints for table `pokerpredict`
--
ALTER TABLE `pokerpredict`
  ADD CONSTRAINT `pokerpredict_ibfk_1` FOREIGN KEY (`pploginID`) REFERENCES `users` (`loginID`),
  ADD CONSTRAINT `pokerpredict_ibfk_2` FOREIGN KEY (`ppNoOfCard`) REFERENCES `pokercard` (`pNoOfCard`);

--
-- Constraints for table `yearpredict`
--
ALTER TABLE `yearpredict`
  ADD CONSTRAINT `yearpredict_ibfk_1` FOREIGN KEY (`ypLoginID`) REFERENCES `users` (`loginID`),
  ADD CONSTRAINT `yearpredict_ibfk_2` FOREIGN KEY (`ypName`,`ypYear`) REFERENCES `year` (`yName`, `yYear`);
COMMIT;

/*!40101 SET CHARACTER_SET_CLIENT=@OLD_CHARACTER_SET_CLIENT */;
/*!40101 SET CHARACTER_SET_RESULTS=@OLD_CHARACTER_SET_RESULTS */;
/*!40101 SET COLLATION_CONNECTION=@OLD_COLLATION_CONNECTION */;
